priority_rank,intervention_tier,id_rumah_sakit,nama_rumah_sakit,provinsi,kelas_rumah_sakit,kepemilikan,intervention_priority_score,double_inefficiency,root_cause_primary,root_cause_secondary,root_cause_multilabel,root_cause_strength,root_cause_confidence_gap,skor_kematangan_digital,rata_rata_waktu_respons_rujukan_menit,digital_conversion_gap,recommended_intervention
1,Tier 1 — Inefisiensi Ganda,RS0257,RSUD Sejahtera 6,Papua,B,Pemerintah Daerah,0.8642123287671233,True,Gap Konversi Investasi — indikator relatif,Kesenjangan Adopsi,Gap Konversi Investasi — indikator relatif; Kesenjangan Adopsi; Kesenjangan Infrastruktur; Tekanan Kapasitas,0.9726027397260274,0.06849315068493145,32.1,83.0,-23.232064467721813,"Audit portofolio proyek, utilisasi sistem, dan realisasi manfaat investasi."
2,Tier 1 — Inefisiensi Ganda,RS0262,RS Husada Mulia 3,Papua Barat,D,Swasta,0.8551520270270271,True,Kesenjangan Kapabilitas IT,Kesenjangan Adopsi,Kesenjangan Kapabilitas IT; Kesenjangan Adopsi; Gap Konversi Investasi — indikator relatif; Kesenjangan Infrastruktur; Tekanan Kapasitas,0.9527027027027027,0.03378378378378388,12.5,84.1,-19.41757400310244,"Perkuat staf IT, pelatihan, atau shared-service sebelum menambah hardware."
3,Tier 2 — Early Warning,RS0223,RS Permata Bunda 2,Nusa Tenggara Barat,C,Pemerintah Pusat,0.847179203539823,False,Gap Konversi Investasi — indikator relatif,Kesenjangan Adopsi,Gap Konversi Investasi — indikator relatif; Kesenjangan Adopsi; Kesenjangan Kapabilitas IT; Kesenjangan Infrastruktur,0.9823008849557522,0.04424778761061943,20.1,81.6,-31.41051209482236,"Audit portofolio proyek, utilisasi sistem, dan realisasi manfaat investasi."
4,Tier 1 — Inefisiensi Ganda,RS0265,RS Harapan Bangsa 6,Papua Barat,C,Swasta,0.8454092920353982,True,Tekanan Kapasitas,Kesenjangan Kapabilitas IT,Tekanan Kapasitas; Kesenjangan Kapabilitas IT; Kesenjangan Infrastruktur; Kesenjangan Adopsi; Gap Konversi Investasi — indikator relatif,0.9889380530973451,0.10398230088495564,37.5,63.0,-6.446473671479595,"Optimalkan referral routing, penyeimbangan kapasitas, dan kanal virtual yang sesuai."
5,Tier 2 — Early Warning,RS0241,RSUD Karya Insani 3,Maluku,C,Pemerintah Daerah,0.8320243362831858,False,Kesenjangan Infrastruktur,Kesenjangan Adopsi,Kesenjangan Infrastruktur; Kesenjangan Adopsi; Gap Konversi Investasi — indikator relatif; Kesenjangan Kapabilitas IT; Tekanan Kapasitas,0.9734513274336283,0.03539823008849552,12.5,47.6,-17.76222449566234,Lakukan pengadaan terarah berdasarkan gap terhadap peer dan target utilisasi.
6,Tier 2 — Early Warning,RS0165,RS Karya Insani 5,Kalimantan Utara,C,Swasta,0.8273230088495575,False,Kesenjangan Infrastruktur,Gap Konversi Investasi — indikator relatif,Kesenjangan Infrastruktur; Gap Konversi Investasi — indikator relatif; Kesenjangan Adopsi; Kesenjangan Kapabilitas IT,0.9734513274336283,0.0,7.3,60.1,-28.464517357751173,Lakukan pengadaan terarah berdasarkan gap terhadap peer dan target utilisasi.
7,Tier 2 — Early Warning,RS0228,RS Permata Bunda 7,Nusa Tenggara Barat,D,Swasta,0.8247466216216216,False,Kesenjangan Infrastruktur,Kesenjangan Adopsi,Kesenjangan Infrastruktur; Kesenjangan Adopsi; Gap Konversi Investasi — indikator relatif; Kesenjangan Kapabilitas IT,0.9189189189189189,0.0,9.0,83.4,-23.331469545826536,Lakukan pengadaan terarah berdasarkan gap terhadap peer dan target utilisasi.
8,Tier 1 — Inefisiensi Ganda,RS0271,RS Harapan Bangsa 4,Papua Tengah,D,Swasta,0.8213682432432434,True,Tekanan Kapasitas,Gap Konversi Investasi — indikator relatif,Tekanan Kapasitas; Gap Konversi Investasi — indikator relatif; Kesenjangan Kapabilitas IT,0.8074324324324325,0.07770270270270274,32.7,83.6,-10.853930892993347,"Optimalkan referral routing, penyeimbangan kapasitas, dan kanal virtual yang sesuai."
9,Tier 1 — Inefisiensi Ganda,RS0213,RS Bunda Kasih 1,Sulawesi Barat,C,Swasta,0.8183628318584072,True,Kesenjangan Integrasi,Kesenjangan Adopsi,Kesenjangan Integrasi; Kesenjangan Adopsi; Kesenjangan Kapabilitas IT; Tekanan Kapasitas; Kesenjangan Infrastruktur; Gap Konversi Investasi — indikator relatif,1.0,0.06194690265486724,25.1,87.2,-8.607029538462598,"Prioritaskan penyelesaian RME, interoperabilitas, dan koneksi SatuSehat."
10,Tier 2 — Early Warning,RS0230,RSUD Permata Bunda 1,Nusa Tenggara Timur,B,Pemerintah Daerah,0.818236301369863,False,Kesenjangan Infrastruktur,Kesenjangan Adopsi,Kesenjangan Infrastruktur; Kesenjangan Adopsi; Gap Konversi Investasi — indikator relatif; Kesenjangan Kapabilitas IT; Tekanan Kapasitas,0.9863013698630136,0.02739726027397249,31.2,48.7,-17.26536301057477,Lakukan pengadaan terarah berdasarkan gap terhadap peer dan target utilisasi.
11,Tier 2 — Early Warning,RS0070,RSUD Husada Mulia 5,Riau,D,Pemerintah Daerah,0.8171452702702703,False,Kesenjangan Kapabilitas IT,Kesenjangan Adopsi,Kesenjangan Kapabilitas IT; Kesenjangan Adopsi; Gap Konversi Investasi — indikator relatif; Kesenjangan Infrastruktur,0.9527027027027027,0.03378378378378388,14.5,53.8,-22.765085065048176,"Perkuat staf IT, pelatihan, atau shared-service sebelum menambah hardware."
12,Tier 2 — Early Warning,RS0267,RSUD Sejahtera 8,Papua Barat,C,Pemerintah Daerah,0.807466814159292,False,Kesenjangan Adopsi,Kesenjangan Infrastruktur,Kesenjangan Adopsi; Kesenjangan Infrastruktur; Gap Konversi Investasi — indikator relatif; Tekanan Kapasitas; Kesenjangan Kapabilitas IT,0.9380530973451328,0.008849557522123908,27.9,45.4,-9.817842971706945,Redesain workflow dan target pemanfaatan telemedicine; ukur utilisasi aktual.
13,Tier 1 — Inefisiensi Ganda,RS0253,RS Citra Medika 2,Papua,A,TNI/POLRI,0.80546875,True,Kesenjangan Adopsi,Kesenjangan Infrastruktur,Kesenjangan Adopsi; Kesenjangan Infrastruktur; Tekanan Kapasitas; Gap Konversi Investasi — indikator relatif; Kesenjangan Kapabilitas IT,0.9375,0.0625,44.6,64.2,-8.247965802836056,Redesain workflow dan target pemanfaatan telemedicine; ukur utilisasi aktual.
14,Tier 2 — Early Warning,RS0235,RS Permata Bunda 6,Nusa Tenggara Timur,C,Swasta,0.8051438053097344,False,Kesenjangan Kapabilitas IT,Kesenjangan Infrastruktur,Kesenjangan Kapabilitas IT; Kesenjangan Infrastruktur; Kesenjangan Adopsi; Tekanan Kapasitas; Gap Konversi Investasi — indikator relatif,0.9734513274336283,0.0,19.6,38.1,-7.655155759450956,"Perkuat staf IT, pelatihan, atau shared-service sebelum menambah hardware."
15,Tier 1 — Inefisiensi Ganda,RS0259,RS Bhakti Husada 8,Papua,D,BUMN,0.7999155405405405,True,Tekanan Kapasitas,Gap Konversi Investasi — indikator relatif,Tekanan Kapasitas; Gap Konversi Investasi — indikator relatif; Kesenjangan Adopsi,0.7905405405405406,0.020270270270270285,36.3,70.1,-12.320080879301557,"Optimalkan referral routing, penyeimbangan kapasitas, dan kanal virtual yang sesuai."
16,Tier 2 — Early Warning,RS0270,RS Graha Sehat 3,Papua Tengah,B,Swasta,0.7977739726027397,False,Kesenjangan Adopsi,Gap Konversi Investasi — indikator relatif,Kesenjangan Adopsi; Gap Konversi Investasi — indikator relatif; Kesenjangan Infrastruktur; Kesenjangan Kapabilitas IT; Tekanan Kapasitas,0.9863013698630136,0.0,31.9,103.6,-24.819888179323016,Redesain workflow dan target pemanfaatan telemedicine; ukur utilisasi aktual.
17,Tier 2 — Early Warning,RS0200,RSUD Permata Bunda 5,Sulawesi Tenggara,B,Pemerintah Daerah,0.7833904109589042,False,Gap Konversi Investasi — indikator relatif,Kesenjangan Kapabilitas IT,Gap Konversi Investasi — indikator relatif; Kesenjangan Kapabilitas IT; Kesenjangan Adopsi,0.9315068493150684,0.013698630136986245,35.3,81.1,-20.718782147947522,"Audit portofolio proyek, utilisasi sistem, dan realisasi manfaat investasi."
18,Tier 2 — Early Warning,RS0212,RS Bhakti Husada 9,Gorontalo,B,TNI/POLRI,0.7817636986301371,False,Kesenjangan Kapabilitas IT,Kesenjangan Infrastruktur,Kesenjangan Kapabilitas IT; Kesenjangan Infrastruktur; Gap Konversi Investasi — indikator relatif,0.9794520547945206,0.06164383561643838,30.1,46.9,-16.77082265183074,"Perkuat staf IT, pelatihan, atau shared-service sebelum menambah hardware."
19,Tier 2 — Early Warning,RS0237,RSUD Karya Insani 8,Nusa Tenggara Timur,C,Pemerintah Daerah,0.781028761061947,False,Gap Konversi Investasi — indikator relatif,Kesenjangan Adopsi,Gap Konversi Investasi — indikator relatif; Kesenjangan Adopsi; Kesenjangan Infrastruktur; Kesenjangan Kapabilitas IT,0.9557522123893806,0.017699115044247815,21.4,63.0,-24.326630974533465,"Audit portofolio proyek, utilisasi sistem, dan realisasi manfaat investasi."
20,Tier 2 — Early Warning,RS0231,RS Bhakti Husada 2,Nusa Tenggara Timur,B,Swasta,0.7799657534246576,False,Kesenjangan Kapabilitas IT,Kesenjangan Adopsi,Kesenjangan Kapabilitas IT; Kesenjangan Adopsi; Gap Konversi Investasi — indikator relatif; Kesenjangan Infrastruktur,0.9452054794520548,0.013698630136986356,31.3,111.2,-17.716487056430605,"Perkuat staf IT, pelatihan, atau shared-service sebelum menambah hardware."
21,Tier 2 — Early Warning,RS0269,RS Graha Sehat 2,Papua Tengah,B,TNI/POLRI,0.7785102739726026,False,Kesenjangan Kapabilitas IT,Gap Konversi Investasi — indikator relatif,Kesenjangan Kapabilitas IT; Gap Konversi Investasi — indikator relatif; Kesenjangan Adopsi; Tekanan Kapasitas,0.9315068493150684,0.1095890410958904,42.8,57.4,-11.482957299726436,"Perkuat staf IT, pelatihan, atau shared-service sebelum menambah hardware."
22,Tier 2 — Early Warning,RS0169,RS Harapan Bangsa 9,Kalimantan Utara,D,Swasta,0.7740709459459459,False,Kesenjangan Adopsi,Kesenjangan Infrastruktur,Kesenjangan Adopsi; Kesenjangan Infrastruktur; Gap Konversi Investasi — indikator relatif,0.9189189189189189,0.09459459459459452,26.7,50.8,-18.537779641437023,Redesain workflow dan target pemanfaatan telemedicine; ukur utilisasi aktual.
23,Tier 2 — Early Warning,RS0164,RS Citra Medika 4,Kalimantan Utara,C,Swasta,0.7694137168141593,False,Tekanan Kapasitas,Kesenjangan Kapabilitas IT,Tekanan Kapasitas; Kesenjangan Kapabilitas IT; Kesenjangan Adopsi; Gap Konversi Investasi — indikator relatif; Kesenjangan Infrastruktur,0.9712389380530974,0.06858407079646023,30.8,39.9,-11.261350954464891,"Optimalkan referral routing, penyeimbangan kapasitas, dan kanal virtual yang sesuai."
24,Tier 2 — Early Warning,RS0217,RS Karya Insani 5,Sulawesi Barat,A,Swasta,0.765234375,False,Gap Konversi Investasi — indikator relatif,Kesenjangan Adopsi,Gap Konversi Investasi — indikator relatif; Kesenjangan Adopsi,0.9375,0.0625,41.6,59.1,-15.234658423244554,"Audit portofolio proyek, utilisasi sistem, dan realisasi manfaat investasi."
25,Tier 2 — Early Warning,RS0249,RS Citra Medika 4,Maluku Utara,C,Swasta,0.7597898230088496,False,Kesenjangan Adopsi,Kesenjangan Infrastruktur,Kesenjangan Adopsi; Kesenjangan Infrastruktur; Kesenjangan Kapabilitas IT; Tekanan Kapasitas,0.9380530973451328,0.04424778761061943,28.1,56.8,-2.60427869902858,Redesain workflow dan target pemanfaatan telemedicine; ukur utilisasi aktual.
26,Tier 2 — Early Warning,RS0168,RS Sejahtera 8,Kalimantan Utara,C,Pemerintah Pusat,0.7513274336283186,False,Kesenjangan Adopsi,Kesenjangan Infrastruktur,Kesenjangan Adopsi; Kesenjangan Infrastruktur; Gap Konversi Investasi — indikator relatif,0.9380530973451328,0.053097345132743334,22.4,75.0,-12.78465816620745,Redesain workflow dan target pemanfaatan telemedicine; ukur utilisasi aktual.
27,Tier 2 — Early Warning,RS0202,RS Bhakti Husada 7,Sulawesi Tenggara,D,Swasta,0.7478885135135134,False,Kesenjangan Integrasi,Kesenjangan Adopsi,Kesenjangan Integrasi; Kesenjangan Adopsi; Kesenjangan Infrastruktur; Kesenjangan Kapabilitas IT; Gap Konversi Investasi — indikator relatif,1.0,0.08108108108108114,19.6,105.3,-8.476363227540439,"Prioritaskan penyelesaian RME, interoperabilitas, dan koneksi SatuSehat."
28,Tier 2 — Early Warning,RS0273,RS Husada Mulia 6,Papua Tengah,C,Swasta,0.7431969026548673,False,Kesenjangan Integrasi,Gap Konversi Investasi — indikator relatif,Kesenjangan Integrasi; Gap Konversi Investasi — indikator relatif; Kesenjangan Adopsi; Kesenjangan Kapabilitas IT,1.0,0.03539823008849563,28.3,58.9,-26.724855458358856,"Prioritaskan penyelesaian RME, interoperabilitas, dan koneksi SatuSehat."
29,Tier 3 — Monitoring,RS0196,RSUD Harapan Bangsa 1,Sulawesi Tenggara,C,Pemerintah Daerah,0.7338495575221239,False,Gap Konversi Investasi — indikator relatif,Kesenjangan Infrastruktur,Gap Konversi Investasi — indikator relatif; Kesenjangan Infrastruktur; Kesenjangan Adopsi,0.911504424778761,0.008849557522123908,30.1,59.4,-17.54621114612079,"Audit portofolio proyek, utilisasi sistem, dan realisasi manfaat investasi."
30,Tier 3 — Monitoring,RS0251,RS Cahaya Medika 6,Maluku Utara,C,Swasta,0.7335176991150443,False,Kesenjangan Integrasi,Kesenjangan Adopsi,Kesenjangan Integrasi; Kesenjangan Adopsi; Gap Konversi Investasi — indikator relatif; Kesenjangan Infrastruktur,1.0,0.06194690265486724,29.3,75.1,-18.172818628018003,"Prioritaskan penyelesaian RME, interoperabilitas, dan koneksi SatuSehat."
31,Tier 3 — Monitoring,RS0221,RS Permata Bunda 9,Sulawesi Barat,C,Swasta,0.7279314159292035,False,Gap Konversi Investasi — indikator relatif,Kesenjangan Adopsi,Gap Konversi Investasi — indikator relatif; Kesenjangan Adopsi,0.9911504424778761,0.053097345132743334,26.5,68.6,-40.30350310672449,"Audit portofolio proyek, utilisasi sistem, dan realisasi manfaat investasi."
32,Tier 3 — Monitoring,RS0201,RS Permata Bunda 6,Sulawesi Tenggara,C,Swasta,0.7274336283185842,False,Gap Konversi Investasi — indikator relatif,,Gap Konversi Investasi — indikator relatif,0.8761061946902655,0.2831858407079646,43.3,55.9,-11.603165608018863,"Audit portofolio proyek, utilisasi sistem, dan realisasi manfaat investasi."
33,Tier 3 — Monitoring,RS0264,RSUD Medika Utama 5,Papua Barat,B,Pemerintah Daerah,0.7257705479452055,False,Kesenjangan Infrastruktur,Kesenjangan Adopsi,Kesenjangan Infrastruktur; Kesenjangan Adopsi; Tekanan Kapasitas,0.9726027397260274,0.0,36.4,61.9,-1.7547553080218847,Lakukan pengadaan terarah berdasarkan gap terhadap peer dan target utilisasi.
34,Tier 3 — Monitoring,RS0132,RSUD Permata Bunda 6,Kalimantan Barat,C,Pemerintah Daerah,0.724612831858407,False,Kesenjangan Kapabilitas IT,Gap Konversi Investasi — indikator relatif,Kesenjangan Kapabilitas IT; Gap Konversi Investasi — indikator relatif; Kesenjangan Adopsi,0.9734513274336283,0.23893805309734506,37.2,43.9,-8.57499541151141,"Perkuat staf IT, pelatihan, atau shared-service sebelum menambah hardware."
35,Tier 3 — Monitoring,RS0255,RS Husada Mulia 4,Papua,C,Swasta,0.7227876106194691,False,Tekanan Kapasitas,Gap Konversi Investasi — indikator relatif,Tekanan Kapasitas; Gap Konversi Investasi — indikator relatif,0.836283185840708,0.039823008849557584,49.9,77.1,-9.440741733215113,"Optimalkan referral routing, penyeimbangan kapasitas, dan kanal virtual yang sesuai."
36,Tier 3 — Monitoring,RS0204,RS Citra Medika 1,Gorontalo,B,Swasta,0.7205479452054795,False,Gap Konversi Investasi — indikator relatif,Kesenjangan Kapabilitas IT,Gap Konversi Investasi — indikator relatif; Kesenjangan Kapabilitas IT,0.9452054794520548,0.23287671232876717,44.1,57.9,-22.147839554525852,"Audit portofolio proyek, utilisasi sistem, dan realisasi manfaat investasi."
37,Tier 3 — Monitoring,RS0260,RS Permata Bunda 1,Papua Barat,A,Swasta,0.7203125,False,Kesenjangan Integrasi,Gap Konversi Investasi — indikator relatif,Kesenjangan Integrasi; Gap Konversi Investasi — indikator relatif; Kesenjangan Infrastruktur,1.0,0.125,43.6,48.6,-12.441322612436593,"Prioritaskan penyelesaian RME, interoperabilitas, dan koneksi SatuSehat."
38,Tier 3 — Monitoring,RS0214,RSUD Graha Sehat 2,Sulawesi Barat,D,Pemerintah Daerah,0.7149493243243243,False,Kesenjangan Adopsi,Gap Konversi Investasi — indikator relatif,Kesenjangan Adopsi; Gap Konversi Investasi — indikator relatif; Kesenjangan Infrastruktur,0.9189189189189189,0.054054054054053946,28.1,26.7,-20.666632317649388,Redesain workflow dan target pemanfaatan telemedicine; ukur utilisasi aktual.
39,Tier 3 — Monitoring,RS0216,RSUD Permata Bunda 4,Sulawesi Barat,D,Pemerintah Daerah,0.7098817567567568,False,Gap Konversi Investasi — indikator relatif,Kesenjangan Adopsi,Gap Konversi Investasi — indikator relatif; Kesenjangan Adopsi; Kesenjangan Infrastruktur,0.972972972972973,0.05405405405405417,19.2,57.2,-24.531982380921743,"Audit portofolio proyek, utilisasi sistem, dan realisasi manfaat investasi."
40,Tier 3 — Monitoring,RS0229,RS Karya Insani 8,Nusa Tenggara Barat,C,Swasta,0.70945796460177,False,Gap Konversi Investasi — indikator relatif,,Gap Konversi Investasi — indikator relatif,0.8407079646017699,0.24778761061946897,43.9,52.7,-10.072932694908005,"Audit portofolio proyek, utilisasi sistem, dan realisasi manfaat investasi."
41,Tier 3 — Monitoring,RS0123,RS Sentosa Medika 3,Aceh,C,Swasta,0.7078539823008849,False,Gap Konversi Investasi — indikator relatif,Kesenjangan Kapabilitas IT,Gap Konversi Investasi — indikator relatif; Kesenjangan Kapabilitas IT,0.8495575221238938,0.17699115044247793,38.5,17.9,-11.167817411156413,"Audit portofolio proyek, utilisasi sistem, dan realisasi manfaat investasi."
42,Tier 3 — Monitoring,RS0182,RSUD Sentosa Medika 4,Sulawesi Tengah,D,Pemerintah Daerah,0.7052364864864865,False,Gap Konversi Investasi — indikator relatif,,Gap Konversi Investasi — indikator relatif,0.9594594594594594,0.4054054054054054,34.7,44.1,-24.5000753045816,"Audit portofolio proyek, utilisasi sistem, dan realisasi manfaat investasi."
43,Tier 3 — Monitoring,RS0206,RSUD Harapan Bangsa 3,Gorontalo,D,Pemerintah Daerah,0.7000844594594595,False,Gap Konversi Investasi — indikator relatif,Kesenjangan Adopsi,Gap Konversi Investasi — indikator relatif; Kesenjangan Adopsi; Kesenjangan Kapabilitas IT,0.9459459459459459,0.027027027027027084,18.9,48.8,-24.285177600041557,"Audit portofolio proyek, utilisasi sistem, dan realisasi manfaat investasi."
44,Tier 3 — Monitoring,RS0094,RS Medika Utama 6,Sumatera Selatan,D,Swasta,0.6975506756756757,False,Kesenjangan Integrasi,Tekanan Kapasitas,Kesenjangan Integrasi; Tekanan Kapasitas; Kesenjangan Adopsi,1.0,0.1351351351351351,40.4,55.8,-7.600996327932442,"Prioritaskan penyelesaian RME, interoperabilitas, dan koneksi SatuSehat."
45,Tier 3 — Monitoring,RS0119,RS Harapan Bangsa 6,Bangka Belitung,A,TNI/POLRI,0.69375,False,Kesenjangan Kapabilitas IT,Kesenjangan Infrastruktur,Kesenjangan Kapabilitas IT; Kesenjangan Infrastruktur; Gap Konversi Investasi — indikator relatif,0.8125,0.0625,50.9,38.5,-3.3014296737032254,"Perkuat staf IT, pelatihan, atau shared-service sebelum menambah hardware."
46,Tier 3 — Monitoring,RS0268,RS Bhakti Husada 1,Papua Tengah,B,Swasta,0.6782534246575342,False,Tidak ada bottleneck dominan,,Gap Konversi Investasi — indikator relatif,0.6712328767123288,0.06164383561643838,52.0,60.4,-4.584616923487559,Lakukan asesmen operasional terarah sebelum menetapkan intervensi spesifik.
47,Tier 3 — Monitoring,RS0153,RSUD Husada Mulia 3,Kalimantan Timur,C,Pemerintah Daerah,0.6771570796460177,False,Gap Konversi Investasi — indikator relatif,Kesenjangan Infrastruktur,Gap Konversi Investasi — indikator relatif; Kesenjangan Infrastruktur,0.9380530973451328,0.10619469026548678,40.5,64.6,-19.117837396767875,"Audit portofolio proyek, utilisasi sistem, dan realisasi manfaat investasi."
48,Tier 3 — Monitoring,RS0220,RSUD Sejahtera 8,Sulawesi Barat,B,Pemerintah Daerah,0.6770547945205481,False,Kesenjangan Infrastruktur,Gap Konversi Investasi — indikator relatif,Kesenjangan Infrastruktur; Gap Konversi Investasi — indikator relatif; Kesenjangan Adopsi,0.863013698630137,0.0,36.1,57.8,-13.435260669006631,Lakukan pengadaan terarah berdasarkan gap terhadap peer dan target utilisasi.
49,Tier 3 — Monitoring,RS0215,RSUD Bunda Kasih 3,Sulawesi Barat,C,Pemerintah Daerah,0.676216814159292,False,Gap Konversi Investasi — indikator relatif,Kesenjangan Kapabilitas IT,Gap Konversi Investasi — indikator relatif; Kesenjangan Kapabilitas IT,0.8938053097345133,0.20353982300884965,37.3,51.2,-15.494328727354251,"Audit portofolio proyek, utilisasi sistem, dan realisasi manfaat investasi."
50,Tier 3 — Monitoring,RS0211,RS Husada Mulia 8,Gorontalo,D,Swasta,0.6749155405405406,False,Kesenjangan Integrasi,Kesenjangan Infrastruktur,Kesenjangan Integrasi; Kesenjangan Infrastruktur; Gap Konversi Investasi — indikator relatif; Kesenjangan Adopsi; Kesenjangan Kapabilitas IT,1.0,0.05405405405405406,15.6,15.8,-23.555218658752096,"Prioritaskan penyelesaian RME, interoperabilitas, dan koneksi SatuSehat."
51,Tier 3 — Monitoring,RS0224,RS Karya Insani 3,Nusa Tenggara Barat,C,Swasta,0.6735066371681415,False,Gap Konversi Investasi — indikator relatif,Kesenjangan Adopsi,Gap Konversi Investasi — indikator relatif; Kesenjangan Adopsi; Kesenjangan Infrastruktur,0.9469026548672567,0.008849557522123908,23.2,36.8,-19.58290277383293,"Audit portofolio proyek, utilisasi sistem, dan realisasi manfaat investasi."
52,Tier 3 — Monitoring,RS0085,RS Sentosa Medika 3,Jambi,C,Swasta,0.6719026548672565,False,Kesenjangan Integrasi,Gap Konversi Investasi — indikator relatif,Kesenjangan Integrasi; Gap Konversi Investasi — indikator relatif; Kesenjangan Adopsi; Tekanan Kapasitas; Kesenjangan Infrastruktur,1.0,0.09734513274336287,48.7,35.4,-16.928544371396526,"Prioritaskan penyelesaian RME, interoperabilitas, dan koneksi SatuSehat."
53,Tier 3 — Monitoring,RS0246,RS Bunda Kasih 1,Maluku Utara,C,Swasta,0.6702433628318585,False,Kesenjangan Kapabilitas IT,Kesenjangan Adopsi,Kesenjangan Kapabilitas IT; Kesenjangan Adopsi,0.9380530973451328,0.10619469026548678,37.8,38.2,-5.151538449560682,"Perkuat staf IT, pelatihan, atau shared-service sebelum menambah hardware."
54,Tier 3 — Monitoring,RS0104,RS Sejahtera 6,Bengkulu,D,Swasta,0.6648648648648647,False,Kesenjangan Kapabilitas IT,Kesenjangan Adopsi,Kesenjangan Kapabilitas IT; Kesenjangan Adopsi; Kesenjangan Infrastruktur,0.8378378378378378,0.05405405405405406,41.7,64.0,-1.5463491659455215,"Perkuat staf IT, pelatihan, atau shared-service sebelum menambah hardware."
55,Tier 3 — Monitoring,RS0247,RS Sejahtera 2,Maluku Utara,B,Swasta,0.6647260273972603,False,Kesenjangan Adopsi,Gap Konversi Investasi — indikator relatif,Kesenjangan Adopsi; Gap Konversi Investasi — indikator relatif; Kesenjangan Infrastruktur,0.863013698630137,0.013698630136986245,51.8,87.5,-12.371349409922601,Redesain workflow dan target pemanfaatan telemedicine; ukur utilisasi aktual.
56,Tier 3 — Monitoring,RS0140,RS Sentosa Medika 8,Kalimantan Tengah,D,TNI/POLRI,0.6617398648648649,False,Gap Konversi Investasi — indikator relatif,Kesenjangan Adopsi,Gap Konversi Investasi — indikator relatif; Kesenjangan Adopsi,0.7972972972972973,0.09459459459459463,46.0,69.3,-16.44147333268439,"Audit portofolio proyek, utilisasi sistem, dan realisasi manfaat investasi."
57,Tier 3 — Monitoring,RS0117,RSUD Medika Utama 4,Bangka Belitung,C,Pemerintah Daerah,0.6600663716814159,False,Gap Konversi Investasi — indikator relatif,,Gap Konversi Investasi — indikator relatif,0.7699115044247787,0.23008849557522126,49.1,84.3,-9.03661820065468,"Audit portofolio proyek, utilisasi sistem, dan realisasi manfaat investasi."
58,Tier 3 — Monitoring,RS0210,RSUD Karya Insani 7,Gorontalo,D,Pemerintah Daerah,0.6597128378378379,False,Gap Konversi Investasi — indikator relatif,Kesenjangan Kapabilitas IT,Gap Konversi Investasi — indikator relatif; Kesenjangan Kapabilitas IT; Kesenjangan Adopsi; Kesenjangan Infrastruktur,0.9864864864864865,0.03378378378378377,18.0,40.8,-27.668297661597627,"Audit portofolio proyek, utilisasi sistem, dan realisasi manfaat investasi."
59,Tier 3 — Monitoring,RS0250,RS Cahaya Medika 5,Maluku Utara,D,Swasta,0.6594594594594596,False,Kesenjangan Kapabilitas IT,Kesenjangan Adopsi,Kesenjangan Kapabilitas IT; Kesenjangan Adopsi,0.9527027027027027,0.18243243243243246,36.5,84.8,-6.351523745313585,"Perkuat staf IT, pelatihan, atau shared-service sebelum menambah hardware."
60,Tier 3 — Monitoring,RS0150,RS Harapan Bangsa 10,Kalimantan Selatan,B,Swasta,0.658818493150685,False,Kesenjangan Integrasi,Gap Konversi Investasi — indikator relatif,Kesenjangan Integrasi; Gap Konversi Investasi — indikator relatif; Kesenjangan Kapabilitas IT,1.0,0.0821917808219178,52.4,49.3,-18.930018131692016,"Prioritaskan penyelesaian RME, interoperabilitas, dan koneksi SatuSehat."
61,Tier 3 — Monitoring,RS0144,RS Sentosa Medika 4,Kalimantan Selatan,D,Swasta,0.6538851351351351,False,Gap Konversi Investasi — indikator relatif,Kesenjangan Kapabilitas IT,Gap Konversi Investasi — indikator relatif; Kesenjangan Kapabilitas IT; Kesenjangan Adopsi,0.8108108108108107,0.03378378378378377,43.0,23.5,-16.74607695273278,"Audit portofolio proyek, utilisasi sistem, dan realisasi manfaat investasi."
62,Tier 3 — Monitoring,RS0121,RSUD Bhakti Husada 1,Aceh,B,Pemerintah Daerah,0.6519691780821918,False,Kesenjangan Infrastruktur,Gap Konversi Investasi — indikator relatif,Kesenjangan Infrastruktur; Gap Konversi Investasi — indikator relatif; Kesenjangan Adopsi,0.821917808219178,0.06849315068493145,59.4,78.3,-7.02984428327526,Lakukan pengadaan terarah berdasarkan gap terhadap peer dan target utilisasi.
63,Tier 3 — Monitoring,RS0172,RSUD Sejahtera 2,Sulawesi Utara,C,Pemerintah Daerah,0.6475663716814158,False,Kesenjangan Infrastruktur,Kesenjangan Adopsi,Kesenjangan Infrastruktur; Kesenjangan Adopsi,0.8053097345132744,0.1504424778761062,43.8,77.3,-2.6611080609391493,Lakukan pengadaan terarah berdasarkan gap terhadap peer dan target utilisasi.
64,Tier 3 — Monitoring,RS0166,RS Permata Bunda 6,Kalimantan Utara,C,Swasta,0.6345685840707964,False,Kesenjangan Integrasi,Gap Konversi Investasi — indikator relatif,Kesenjangan Integrasi; Gap Konversi Investasi — indikator relatif; Kesenjangan Adopsi; Kesenjangan Infrastruktur,1.0,0.18584070796460184,49.1,48.7,-9.712286546732138,"Prioritaskan penyelesaian RME, interoperabilitas, dan koneksi SatuSehat."
65,Tier 3 — Monitoring,RS0162,RSUD Bhakti Husada 2,Kalimantan Utara,D,Pemerintah Daerah,0.6272804054054054,False,Tidak ada bottleneck dominan,,Gap Konversi Investasi — indikator relatif,0.7162162162162162,0.14864864864864868,32.5,52.5,-10.174473354036742,Lakukan asesmen operasional terarah sebelum menetapkan intervensi spesifik.
66,Tier 3 — Monitoring,RS0126,RS Permata Bunda 6,Aceh,D,Swasta,0.6272804054054053,False,Tekanan Kapasitas,Kesenjangan Infrastruktur,Tekanan Kapasitas; Kesenjangan Infrastruktur; Gap Konversi Investasi — indikator relatif,0.9391891891891893,0.1283783783783785,43.5,41.9,-9.182491343053776,"Optimalkan referral routing, penyeimbangan kapasitas, dan kanal virtual yang sesuai."
67,Tier 3 — Monitoring,RS0190,RSUD Husada Mulia 2,Sulawesi Selatan,B,Pemerintah Daerah,0.6235445205479452,False,Kesenjangan Adopsi,Kesenjangan Kapabilitas IT,Kesenjangan Adopsi; Kesenjangan Kapabilitas IT; Kesenjangan Infrastruktur,0.8356164383561644,0.1095890410958904,52.8,50.7,-0.42085295473790296,Redesain workflow dan target pemanfaatan telemedicine; ukur utilisasi aktual.
68,Tier 3 — Monitoring,RS0219,RS Harapan Bangsa 7,Sulawesi Barat,D,Swasta,0.6224662162162162,False,Kesenjangan Adopsi,Gap Konversi Investasi — indikator relatif,Kesenjangan Adopsi; Gap Konversi Investasi — indikator relatif,0.9189189189189189,0.027027027027026973,27.6,34.2,-21.5254302542687,Redesain workflow dan target pemanfaatan telemedicine; ukur utilisasi aktual.
69,Tier 3 — Monitoring,RS0170,RS Cahaya Medika 10,Kalimantan Utara,D,TNI/POLRI,0.6201013513513514,False,Kesenjangan Kapabilitas IT,Kesenjangan Adopsi,Kesenjangan Kapabilitas IT; Kesenjangan Adopsi; Gap Konversi Investasi — indikator relatif,0.7972972972972973,0.0,37.6,52.6,-11.216528120096882,"Perkuat staf IT, pelatihan, atau shared-service sebelum menambah hardware."
70,Tier 3 — Monitoring,RS0178,RSUD Bhakti Husada 8,Sulawesi Utara,C,Pemerintah Daerah,0.6190818584070796,False,Kesenjangan Adopsi,Kesenjangan Infrastruktur,Kesenjangan Adopsi; Kesenjangan Infrastruktur; Gap Konversi Investasi — indikator relatif,0.8495575221238938,0.026548672566371723,41.7,59.0,-9.26240565683964,Redesain workflow dan target pemanfaatan telemedicine; ukur utilisasi aktual.
71,Tier 3 — Monitoring,RS0208,RS Karya Insani 5,Gorontalo,B,Swasta,0.6142123287671233,False,Kesenjangan Infrastruktur,Tekanan Kapasitas,Kesenjangan Infrastruktur; Tekanan Kapasitas,0.9589041095890412,0.24657534246575352,47.0,90.4,9.420308574494932,Lakukan pengadaan terarah berdasarkan gap terhadap peer dan target utilisasi.
72,Tier 3 — Monitoring,RS0063,RSUD Sentosa Medika 4,Sumatera Barat,D,Pemerintah Daerah,0.613597972972973,False,Tekanan Kapasitas,Kesenjangan Kapabilitas IT,Tekanan Kapasitas; Kesenjangan Kapabilitas IT; Kesenjangan Adopsi; Kesenjangan Infrastruktur,0.8986486486486487,0.07432432432432434,45.3,5.0,-2.0152576007626877,"Optimalkan referral routing, penyeimbangan kapasitas, dan kanal virtual yang sesuai."
73,Tier 3 — Monitoring,RS0234,RS Sentosa Medika 5,Nusa Tenggara Timur,D,Pemerintah Pusat,0.6127533783783784,False,Kesenjangan Infrastruktur,Kesenjangan Adopsi,Kesenjangan Infrastruktur; Kesenjangan Adopsi,0.9797297297297297,0.25,35.1,82.1,-5.375699605731974,Lakukan pengadaan terarah berdasarkan gap terhadap peer dan target utilisasi.
74,Tier 3 — Monitoring,RS0187,RS Bunda Kasih 9,Sulawesi Tengah,B,TNI/POLRI,0.6105308219178082,False,Kesenjangan Integrasi,Gap Konversi Investasi — indikator relatif,Kesenjangan Integrasi; Gap Konversi Investasi — indikator relatif; Kesenjangan Infrastruktur,1.0,0.1643835616438356,51.4,37.2,-12.319350088527536,"Prioritaskan penyelesaian RME, interoperabilitas, dan koneksi SatuSehat."
75,Tier 3 — Monitoring,RS0203,RS Sentosa Medika 8,Sulawesi Tenggara,B,TNI/POLRI,0.6082191780821918,False,Kesenjangan Kapabilitas IT,Kesenjangan Infrastruktur,Kesenjangan Kapabilitas IT; Kesenjangan Infrastruktur; Kesenjangan Adopsi; Gap Konversi Investasi — indikator relatif,0.9794520547945206,0.17123287671232879,57.5,72.7,-7.704636503302268,"Perkuat staf IT, pelatihan, atau shared-service sebelum menambah hardware."
76,Tier 3 — Monitoring,RS0129,RS Citra Medika 3,Kalimantan Barat,B,Swasta,0.6077054794520549,False,Kesenjangan Infrastruktur,,Kesenjangan Infrastruktur,0.7945205479452055,0.1643835616438356,53.9,55.8,-2.287501626097175,Lakukan pengadaan terarah berdasarkan gap terhadap peer dan target utilisasi.
77,Tier 3 — Monitoring,RS0151,RSUD Harapan Bangsa 1,Kalimantan Timur,B,Pemerintah Daerah,0.6052226027397261,False,Kesenjangan Adopsi,Gap Konversi Investasi — indikator relatif,Kesenjangan Adopsi; Gap Konversi Investasi — indikator relatif; Kesenjangan Infrastruktur; Kesenjangan Kapabilitas IT,0.7945205479452055,0.06849315068493156,58.0,52.1,-6.147479022430957,Redesain workflow dan target pemanfaatan telemedicine; ukur utilisasi aktual.
78,Tier 3 — Monitoring,RS0163,RSUD Harapan Bangsa 3,Kalimantan Utara,C,Pemerintah Daerah,0.6005530973451327,False,Tidak ada bottleneck dominan,Gap Konversi Investasi — indikator relatif,Kesenjangan Kapabilitas IT; Gap Konversi Investasi — indikator relatif; Kesenjangan Adopsi,0.7079646017699115,0.0,42.2,56.7,-7.502107955503405,Lakukan asesmen operasional terarah sebelum menetapkan intervensi spesifik.
79,Tier 3 — Monitoring,RS0054,RS Bhakti Husada 4,Sumatera Utara,D,BUMN,0.5994932432432433,False,Tidak ada bottleneck dominan,,Kesenjangan Kapabilitas IT,0.7162162162162162,0.08108108108108114,42.8,42.8,-1.3733130242635951,Lakukan asesmen operasional terarah sebelum menetapkan intervensi spesifik.
80,Tier 3 — Monitoring,RS0199,RSUD Sentosa Medika 4,Sulawesi Tenggara,B,Pemerintah Daerah,0.5982020547945206,False,Kesenjangan Adopsi,Gap Konversi Investasi — indikator relatif,Kesenjangan Adopsi; Gap Konversi Investasi — indikator relatif,0.8493150684931507,0.1095890410958904,53.8,53.3,-6.764151572404195,Redesain workflow dan target pemanfaatan telemedicine; ukur utilisasi aktual.
81,Tier 3 — Monitoring,RS0080,RS Graha Sehat 7,Kepulauan Riau,C,Swasta,0.5929203539823009,False,Tidak ada bottleneck dominan,,Tekanan Kapasitas,0.7389380530973452,0.13716814159292035,56.6,47.8,-3.049813449225617,Lakukan asesmen operasional terarah sebelum menetapkan intervensi spesifik.
82,Tier 3 — Monitoring,RS0147,RSUD Bunda Kasih 7,Kalimantan Selatan,D,Pemerintah Daerah,0.5829391891891892,False,Gap Konversi Investasi — indikator relatif,,Gap Konversi Investasi — indikator relatif,0.7567567567567568,0.1351351351351351,54.3,55.7,-11.50815413702368,"Audit portofolio proyek, utilisasi sistem, dan realisasi manfaat investasi."
83,Tier 3 — Monitoring,RS0256,RS Graha Sehat 5,Papua,B,Swasta,0.5779109589041096,False,Gap Konversi Investasi — indikator relatif,,Gap Konversi Investasi — indikator relatif,0.7945205479452055,0.29452054794520555,58.6,31.3,-8.201089962544494,"Audit portofolio proyek, utilisasi sistem, dan realisasi manfaat investasi."
84,Tier 3 — Monitoring,RS0233,RSUD Sejahtera 4,Nusa Tenggara Timur,B,Pemerintah Daerah,0.5769691780821917,False,Gap Konversi Investasi — indikator relatif,,Gap Konversi Investasi — indikator relatif,0.9589041095890412,0.6164383561643836,54.1,56.9,-22.849117008095895,"Audit portofolio proyek, utilisasi sistem, dan realisasi manfaat investasi."
85,Tier 3 — Monitoring,RS0159,RSUD Karya Insani 9,Kalimantan Timur,C,Pemerintah Daerah,0.5761615044247786,False,Kesenjangan Adopsi,Kesenjangan Kapabilitas IT,Kesenjangan Adopsi; Kesenjangan Kapabilitas IT; Kesenjangan Infrastruktur; Tekanan Kapasitas,0.8407079646017699,0.10619469026548667,49.1,46.6,-1.384677457809083,Redesain workflow dan target pemanfaatan telemedicine; ukur utilisasi aktual.
86,Tier 3 — Monitoring,RS0236,RSUD Harapan Bangsa 7,Nusa Tenggara Timur,B,Pemerintah Daerah,0.5737157534246575,False,Kesenjangan Kapabilitas IT,Kesenjangan Adopsi,Kesenjangan Kapabilitas IT; Kesenjangan Adopsi,0.9589041095890412,0.06849315068493156,46.3,62.1,0.1663067460661054,"Perkuat staf IT, pelatihan, atau shared-service sebelum menambah hardware."
87,Tier 3 — Monitoring,RS0097,RS Bhakti Husada 9,Sumatera Selatan,C,Swasta,0.5685840707964602,False,Kesenjangan Adopsi,Kesenjangan Kapabilitas IT,Kesenjangan Adopsi; Kesenjangan Kapabilitas IT; Gap Konversi Investasi — indikator relatif,0.8672566371681416,0.02212389380530977,52.6,46.4,-9.222979061616385,Redesain workflow dan target pemanfaatan telemedicine; ukur utilisasi aktual.
88,Tier 3 — Monitoring,RS0122,RS Harapan Bangsa 2,Aceh,C,BUMN,0.5664823008849558,False,Kesenjangan Infrastruktur,,Kesenjangan Infrastruktur,0.9734513274336283,0.36283185840707954,43.5,72.8,-2.2421061441554215,Lakukan pengadaan terarah berdasarkan gap terhadap peer dan target utilisasi.
89,Tier 3 — Monitoring,RS0239,RS Bhakti Husada 1,Maluku,C,Pemerintah Pusat,0.5644358407079646,False,Gap Konversi Investasi — indikator relatif,,Gap Konversi Investasi — indikator relatif,0.8672566371681416,0.23893805309734517,51.0,18.8,-11.518915488433194,"Audit portofolio proyek, utilisasi sistem, dan realisasi manfaat investasi."
90,Tier 3 — Monitoring,RS0272,RSUD Graha Sehat 5,Papua Tengah,B,Pemerintah Daerah,0.5627568493150685,False,Kesenjangan Kapabilitas IT,Kesenjangan Infrastruktur,Kesenjangan Kapabilitas IT; Kesenjangan Infrastruktur,0.7945205479452055,0.04109589041095896,46.9,,0.24746141004820998,"Perkuat staf IT, pelatihan, atau shared-service sebelum menambah hardware."
91,Tier 3 — Monitoring,RS0024,RS Husada Mulia 2,DI Yogyakarta,C,Swasta,0.5615597345132743,False,Tidak ada bottleneck dominan,Gap Konversi Investasi — indikator relatif,Tekanan Kapasitas; Gap Konversi Investasi — indikator relatif,0.747787610619469,0.09292035398230081,66.6,63.4,-5.352927443365587,Lakukan asesmen operasional terarah sebelum menetapkan intervensi spesifik.
92,Tier 3 — Monitoring,RS0254,RS Bhakti Husada 3,Papua,C,Swasta,0.5599004424778761,False,Gap Konversi Investasi — indikator relatif,,Gap Konversi Investasi — indikator relatif,0.7610619469026548,0.1504424778761061,46.4,37.9,-8.871987153668783,"Audit portofolio proyek, utilisasi sistem, dan realisasi manfaat investasi."
93,Tier 3 — Monitoring,RS0155,RSUD Cahaya Medika 5,Kalimantan Timur,D,Pemerintah Daerah,0.5592905405405405,False,Gap Konversi Investasi — indikator relatif,,Gap Konversi Investasi — indikator relatif,0.8783783783783784,0.4054054054054054,43.1,29.4,-20.938332412933086,"Audit portofolio proyek, utilisasi sistem, dan realisasi manfaat investasi."
94,Tier 3 — Monitoring,RS0175,RSUD Karya Insani 5,Sulawesi Utara,C,Pemerintah Daerah,0.5574115044247788,False,Tidak ada bottleneck dominan,,Kesenjangan Adopsi,0.7079646017699115,0.08849557522123885,52.4,45.4,-4.486268914162615,Lakukan asesmen operasional terarah sebelum menetapkan intervensi spesifik.
95,Tier 3 — Monitoring,RS0076,RSUD Medika Utama 3,Kepulauan Riau,C,Pemerintah Daerah,0.5571902654867257,False,Kesenjangan Kapabilitas IT,Kesenjangan Adopsi,Kesenjangan Kapabilitas IT; Kesenjangan Adopsi; Kesenjangan Infrastruktur,0.9292035398230089,0.1415929203539823,48.2,22.9,-2.248890227270742,"Perkuat staf IT, pelatihan, atau shared-service sebelum menambah hardware."
96,Tier 3 — Monitoring,RS0098,RSUD Karya Insani 10,Sumatera Selatan,D,Pemerintah Daerah,0.5565033783783784,False,Kesenjangan Infrastruktur,,Kesenjangan Infrastruktur,0.9797297297297297,0.5337837837837838,40.5,53.1,-0.3012433247766211,Lakukan pengadaan terarah berdasarkan gap terhadap peer dan target utilisasi.
97,Tier 3 — Monitoring,RS0227,RSUD Husada Mulia 6,Nusa Tenggara Barat,B,Pemerintah Daerah,0.5564212328767123,False,Gap Konversi Investasi — indikator relatif,,Gap Konversi Investasi — indikator relatif,0.7808219178082192,0.4246575342465754,57.1,23.1,-7.722420012014119,"Audit portofolio proyek, utilisasi sistem, dan realisasi manfaat investasi."
98,Tier 3 — Monitoring,RS0245,RS Sejahtera 7,Maluku,B,Swasta,0.5561643835616438,False,Kesenjangan Adopsi,Tekanan Kapasitas,Kesenjangan Adopsi; Tekanan Kapasitas; Kesenjangan Kapabilitas IT; Gap Konversi Investasi — indikator relatif,0.9452054794520548,0.027397260273972712,60.2,22.9,-4.204277460658545,Redesain workflow dan target pemanfaatan telemedicine; ukur utilisasi aktual.
99,Tier 3 — Monitoring,RS0195,RS Bhakti Husada 7,Sulawesi Selatan,C,Swasta,0.5555862831858407,False,Tidak ada bottleneck dominan,,Tidak ada bottleneck kuat,0.584070796460177,0.053097345132743445,50.3,43.9,-1.9352468234752678,Lakukan asesmen operasional terarah sebelum menetapkan intervensi spesifik.
100,Tier 3 — Monitoring,RS0120,RS Bhakti Husada 7,Bangka Belitung,D,TNI/POLRI,0.5549831081081081,False,Kesenjangan Integrasi,Gap Konversi Investasi — indikator relatif,Kesenjangan Integrasi; Gap Konversi Investasi — indikator relatif,1.0,0.21621621621621623,46.6,48.6,-15.88677348445087,"Prioritaskan penyelesaian RME, interoperabilitas, dan koneksi SatuSehat."
101,Tier 3 — Monitoring,RS0194,RSUD Medika Utama 6,Sulawesi Selatan,D,Pemerintah Daerah,0.553293918918919,False,Gap Konversi Investasi — indikator relatif,,Gap Konversi Investasi — indikator relatif,0.8378378378378378,0.31081081081081086,46.3,42.4,-19.321740657986183,"Audit portofolio proyek, utilisasi sistem, dan realisasi manfaat investasi."
102,Tier 3 — Monitoring,RS0127,RS Sejahtera 1,Kalimantan Barat,C,Swasta,0.5528761061946903,False,Kesenjangan Kapabilitas IT,,Kesenjangan Kapabilitas IT,0.8053097345132744,0.17699115044247793,49.8,70.4,-4.750042935686338,"Perkuat staf IT, pelatihan, atau shared-service sebelum menambah hardware."
103,Tier 3 — Monitoring,RS0258,RSUD Cahaya Medika 7,Papua,D,Pemerintah Daerah,0.5496621621621621,False,Kesenjangan Kapabilitas IT,,Kesenjangan Kapabilitas IT,0.7567567567567568,0.16216216216216228,46.7,63.8,-4.115150732165425,"Perkuat staf IT, pelatihan, atau shared-service sebelum menambah hardware."
104,Tier 3 — Monitoring,RS0274,RS Sejahtera 2,Maluku,B,Swasta,0.545291095890411,False,Kesenjangan Kapabilitas IT,Kesenjangan Adopsi,Kesenjangan Kapabilitas IT; Kesenjangan Adopsi,0.8287671232876712,0.06849315068493145,70.2,78.2,-0.8705034602107986,"Perkuat staf IT, pelatihan, atau shared-service sebelum menambah hardware."
105,Tier 3 — Monitoring,RS0055,RSUD Medika Utama 5,Sumatera Utara,C,Pemerintah Daerah,0.5382190265486726,False,Kesenjangan Adopsi,Gap Konversi Investasi — indikator relatif,Kesenjangan Adopsi; Gap Konversi Investasi — indikator relatif,0.8230088495575221,0.1327433628318584,54.8,44.1,-6.997059642264084,Redesain workflow dan target pemanfaatan telemedicine; ukur utilisasi aktual.
106,Tier 3 — Monitoring,RS0082,RS Permata Bunda 9,Kepulauan Riau,C,Swasta,0.5358407079646017,False,Kesenjangan Integrasi,Kesenjangan Adopsi,Kesenjangan Integrasi; Kesenjangan Adopsi; Gap Konversi Investasi — indikator relatif,1.0,0.19469026548672563,56.3,22.7,-6.6532017774064585,"Prioritaskan penyelesaian RME, interoperabilitas, dan koneksi SatuSehat."
107,Tier 3 — Monitoring,RS0069,RS Husada Mulia 4,Riau,D,Swasta,0.5353885135135136,False,Kesenjangan Integrasi,Tekanan Kapasitas,Kesenjangan Integrasi; Tekanan Kapasitas,1.0,0.32432432432432434,61.9,58.2,-0.8161767989134248,"Prioritaskan penyelesaian RME, interoperabilitas, dan koneksi SatuSehat."
108,Tier 3 — Monitoring,RS0138,RS Harapan Bangsa 6,Kalimantan Tengah,C,BUMN,0.533075221238938,False,Gap Konversi Investasi — indikator relatif,Kesenjangan Kapabilitas IT,Gap Konversi Investasi — indikator relatif; Kesenjangan Kapabilitas IT,0.8053097345132744,0.008849557522123908,56.6,15.8,-9.622033697637043,"Audit portofolio proyek, utilisasi sistem, dan realisasi manfaat investasi."
109,Tier 3 — Monitoring,RS0116,RS Permata Bunda 3,Bangka Belitung,C,Swasta,0.5310840707964601,False,Gap Konversi Investasi — indikator relatif,,Gap Konversi Investasi — indikator relatif,0.8230088495575221,0.3539823008849557,44.1,5.0,-9.800805627091364,"Audit portofolio proyek, utilisasi sistem, dan realisasi manfaat investasi."
110,Tier 3 — Monitoring,RS0242,RS Cahaya Medika 4,Maluku,D,Pemerintah Pusat,0.5306587837837838,False,Kesenjangan Integrasi,Gap Konversi Investasi — indikator relatif,Kesenjangan Integrasi; Gap Konversi Investasi — indikator relatif,1.0,0.29729729729729737,49.8,18.8,-9.656564084946176,"Prioritaskan penyelesaian RME, interoperabilitas, dan koneksi SatuSehat."
111,Tier 3 — Monitoring,RS0226,RS Harapan Bangsa 5,Nusa Tenggara Barat,C,BUMN,0.5302544247787611,False,Kesenjangan Kapabilitas IT,Kesenjangan Infrastruktur,Kesenjangan Kapabilitas IT; Kesenjangan Infrastruktur; Gap Konversi Investasi — indikator relatif,0.8761061946902655,0.03539823008849563,43.2,31.0,-6.203653821423629,"Perkuat staf IT, pelatihan, atau shared-service sebelum menambah hardware."
112,Tier 3 — Monitoring,RS0238,RSUD Husada Mulia 9,Nusa Tenggara Timur,B,Pemerintah Daerah,0.5264554794520548,False,Tidak ada bottleneck dominan,Gap Konversi Investasi — indikator relatif,Kesenjangan Adopsi; Gap Konversi Investasi — indikator relatif; Kesenjangan Infrastruktur,0.7123287671232876,0.013698630136986245,62.5,43.6,-5.888971682784856,Lakukan asesmen operasional terarah sebelum menetapkan intervensi spesifik.
113,Tier 3 — Monitoring,RS0130,RS Sejahtera 4,Kalimantan Barat,B,Swasta,0.5258561643835616,False,Tidak ada bottleneck dominan,,Tidak ada bottleneck kuat,0.5616438356164384,0.06849315068493156,63.3,70.8,-0.6784686303406886,Lakukan asesmen operasional terarah sebelum menetapkan intervensi spesifik.
114,Tier 3 — Monitoring,RS0225,RS Harapan Bangsa 4,Nusa Tenggara Barat,D,Swasta,0.5258445945945945,False,Kesenjangan Kapabilitas IT,Kesenjangan Infrastruktur,Kesenjangan Kapabilitas IT; Kesenjangan Infrastruktur; Kesenjangan Adopsi,0.8783783783783784,0.027027027027027084,35.4,43.2,-2.9139721769444122,"Perkuat staf IT, pelatihan, atau shared-service sebelum menambah hardware."
115,Tier 3 — Monitoring,RS0179,RS Graha Sehat 1,Sulawesi Tengah,C,Swasta,0.5253871681415929,False,Kesenjangan Infrastruktur,Gap Konversi Investasi — indikator relatif,Kesenjangan Infrastruktur; Gap Konversi Investasi — indikator relatif,0.7610619469026548,0.06194690265486724,48.5,45.2,-7.164631119279171,Lakukan pengadaan terarah berdasarkan gap terhadap peer dan target utilisasi.
116,Tier 3 — Monitoring,RS0197,RS Husada Mulia 2,Sulawesi Tenggara,B,Pemerintah Pusat,0.5206335616438356,False,Kesenjangan Adopsi,Kesenjangan Kapabilitas IT,Kesenjangan Adopsi; Kesenjangan Kapabilitas IT; Kesenjangan Infrastruktur,0.9178082191780822,0.0273972602739726,50.7,64.5,6.643218854215114,Redesain workflow dan target pemanfaatan telemedicine; ukur utilisasi aktual.
117,Tier 3 — Monitoring,RS0072,RSUD Sejahtera 7,Riau,B,Pemerintah Daerah,0.5176369863013699,False,Tidak ada bottleneck dominan,,Gap Konversi Investasi — indikator relatif,0.7123287671232876,0.12328767123287665,48.5,35.7,-6.102349874191432,Lakukan asesmen operasional terarah sebelum menetapkan intervensi spesifik.
118,Tier 3 — Monitoring,RS0012,RS Sentosa Medika 6,Jawa Barat,D,Pemerintah Pusat,0.5160472972972974,False,Tidak ada bottleneck dominan,Tekanan Kapasitas,Kesenjangan Infrastruktur; Tekanan Kapasitas,0.6891891891891893,0.013513513513513598,54.5,82.7,12.133726664997347,Lakukan asesmen operasional terarah sebelum menetapkan intervensi spesifik.
119,Tier 3 — Monitoring,RS0128,RSUD Karya Insani 2,Kalimantan Barat,D,Pemerintah Daerah,0.5135135135135136,False,Tidak ada bottleneck dominan,,Tidak ada bottleneck kuat,0.6351351351351351,0.054054054054053946,57.1,70.8,-2.8818990906725546,Lakukan asesmen operasional terarah sebelum menetapkan intervensi spesifik.
120,Tier 3 — Monitoring,RS0053,RS Husada Mulia 3,Sumatera Utara,C,TNI/POLRI,0.5125,False,Tidak ada bottleneck dominan,,Tidak ada bottleneck kuat,0.584070796460177,0.03539823008849563,59.3,75.8,-2.1302688042078017,Lakukan asesmen operasional terarah sebelum menetapkan intervensi spesifik.
121,Tier 3 — Monitoring,RS0118,RSUD Sentosa Medika 5,Bangka Belitung,B,Pemerintah Daerah,0.5093321917808219,False,Gap Konversi Investasi — indikator relatif,,Gap Konversi Investasi — indikator relatif,0.8082191780821918,0.2465753424657534,69.3,30.0,-9.982895538300994,"Audit portofolio proyek, utilisasi sistem, dan realisasi manfaat investasi."
122,Tier 3 — Monitoring,RS0078,RSUD Bunda Kasih 5,Kepulauan Riau,D,Pemerintah Daerah,0.5030405405405406,False,Tidak ada bottleneck dominan,,Gap Konversi Investasi — indikator relatif,0.6891891891891893,0.04054054054054057,46.3,13.3,-9.325682991379814,Lakukan asesmen operasional terarah sebelum menetapkan intervensi spesifik.
123,Tier 3 — Monitoring,RS0263,RS Sentosa Medika 4,Papua Barat,C,Swasta,0.5007743362831859,False,Tidak ada bottleneck dominan,,Gap Konversi Investasi — indikator relatif,0.7256637168141593,0.19469026548672563,54.2,40.9,-7.68024478389259,Lakukan asesmen operasional terarah sebelum menetapkan intervensi spesifik.
124,Tier 3 — Monitoring,RS0232,RS Citra Medika 3,Nusa Tenggara Timur,B,Swasta,0.49768835616438356,False,Tekanan Kapasitas,,Tekanan Kapasitas,0.7808219178082192,0.15068493150684925,68.4,65.6,5.506235442689125,"Optimalkan referral routing, penyeimbangan kapasitas, dan kanal virtual yang sesuai."
125,Tier 3 — Monitoring,RS0160,RSUD Sentosa Medika 10,Kalimantan Timur,C,Pemerintah Daerah,0.4961836283185841,False,Kesenjangan Kapabilitas IT,,Kesenjangan Kapabilitas IT,0.752212389380531,0.1415929203539823,64.2,65.2,-3.828371301846289,"Perkuat staf IT, pelatihan, atau shared-service sebelum menambah hardware."
126,Tier 3 — Monitoring,RS0146,RS Graha Sehat 6,Kalimantan Selatan,C,Swasta,0.49480088495575225,False,Kesenjangan Kapabilitas IT,Tekanan Kapasitas,Kesenjangan Kapabilitas IT; Tekanan Kapasitas; Kesenjangan Adopsi,0.9734513274336283,0.22123893805309724,52.9,46.7,6.339577863473551,"Perkuat staf IT, pelatihan, atau shared-service sebelum menambah hardware."
127,Tier 3 — Monitoring,RS0148,RSUD Harapan Bangsa 8,Kalimantan Selatan,C,Pemerintah Daerah,0.4934734513274336,False,Kesenjangan Integrasi,Kesenjangan Infrastruktur,Kesenjangan Integrasi; Kesenjangan Infrastruktur; Tekanan Kapasitas,1.0,0.22123893805309736,52.6,51.7,0.8112086138262455,"Prioritaskan penyelesaian RME, interoperabilitas, dan koneksi SatuSehat."
128,Tier 3 — Monitoring,RS0142,RSUD Sentosa Medika 2,Kalimantan Selatan,D,Pemerintah Daerah,0.49332770270270265,False,Tidak ada bottleneck dominan,,Tidak ada bottleneck kuat,0.5540540540540541,0.027027027027027084,60.4,41.2,-1.7420705715151072,Lakukan asesmen operasional terarah sebelum menetapkan intervensi spesifik.
129,Tier 3 — Monitoring,RS0176,RS Sentosa Medika 6,Sulawesi Utara,D,Swasta,0.49282094594594594,False,Kesenjangan Kapabilitas IT,Tekanan Kapasitas,Kesenjangan Kapabilitas IT; Tekanan Kapasitas; Kesenjangan Adopsi,0.8918918918918919,0.11486486486486491,42.2,20.7,1.2307349290272214,"Perkuat staf IT, pelatihan, atau shared-service sebelum menambah hardware."
130,Tier 3 — Monitoring,RS0157,RS Bhakti Husada 7,Kalimantan Timur,C,Swasta,0.4926438053097345,False,Gap Konversi Investasi — indikator relatif,Kesenjangan Adopsi,Gap Konversi Investasi — indikator relatif; Kesenjangan Adopsi,0.752212389380531,0.053097345132743445,61.1,50.4,-8.766230866277105,"Audit portofolio proyek, utilisasi sistem, dan realisasi manfaat investasi."
131,Tier 3 — Monitoring,RS0006,RS Permata Bunda 6,DKI Jakarta,B,TNI/POLRI,0.4914383561643835,False,Tidak ada bottleneck dominan,,Tidak ada bottleneck kuat,0.6164383561643836,0.23287671232876717,71.5,69.2,-1.7714596051008016,Lakukan asesmen operasional terarah sebelum menetapkan intervensi spesifik.
132,Tier 3 — Monitoring,RS0074,RSUD Graha Sehat 1,Kepulauan Riau,C,Pemerintah Daerah,0.4907079646017699,False,Tidak ada bottleneck dominan,,Tidak ada bottleneck kuat,0.6017699115044248,0.03539823008849563,42.8,26.7,4.698905814283748,Lakukan asesmen operasional terarah sebelum menetapkan intervensi spesifik.
133,Tier 3 — Monitoring,RS0103,RS Graha Sehat 5,Bengkulu,B,TNI/POLRI,0.48724315068493157,False,Tidak ada bottleneck dominan,,Tidak ada bottleneck kuat,0.589041095890411,0.21917808219178087,65.7,58.9,-1.70142046392003,Lakukan asesmen operasional terarah sebelum menetapkan intervensi spesifik.
134,Tier 3 — Monitoring,RS0167,RS Cahaya Medika 7,Kalimantan Utara,C,Pemerintah Pusat,0.48633849557522124,False,Kesenjangan Infrastruktur,,Kesenjangan Infrastruktur,0.8672566371681416,0.3672566371681416,43.5,23.5,1.3577826100010384,Lakukan pengadaan terarah berdasarkan gap terhadap peer dan target utilisasi.
135,Tier 3 — Monitoring,RS0243,RSUD Karya Insani 5,Maluku,B,Pemerintah Daerah,0.4848458904109588,False,Kesenjangan Infrastruktur,Kesenjangan Kapabilitas IT,Kesenjangan Infrastruktur; Kesenjangan Kapabilitas IT; Kesenjangan Adopsi,0.9315068493150684,0.02739726027397249,38.1,19.8,3.3126837116730457,Lakukan pengadaan terarah berdasarkan gap terhadap peer dan target utilisasi.
136,Tier 3 — Monitoring,RS0193,RS Medika Utama 5,Sulawesi Selatan,C,Pemerintah Pusat,0.478429203539823,False,Kesenjangan Kapabilitas IT,Tekanan Kapasitas,Kesenjangan Kapabilitas IT; Tekanan Kapasitas; Kesenjangan Infrastruktur,0.8451327433628318,0.10176991150442471,54.3,41.1,0.38187390826180945,"Perkuat staf IT, pelatihan, atau shared-service sebelum menambah hardware."
137,Tier 3 — Monitoring,RS0134,RS Harapan Bangsa 2,Kalimantan Tengah,B,Swasta,0.47577054794520546,False,Tidak ada bottleneck dominan,,Tidak ada bottleneck kuat,0.6438356164383562,0.15068493150684936,59.5,34.9,-2.7542310545119264,Lakukan asesmen operasional terarah sebelum menetapkan intervensi spesifik.
138,Tier 3 — Monitoring,RS0192,RS Karya Insani 4,Sulawesi Selatan,D,Swasta,0.47525337837837833,False,Kesenjangan Kapabilitas IT,Kesenjangan Infrastruktur,Kesenjangan Kapabilitas IT; Kesenjangan Infrastruktur,0.9527027027027027,0.11486486486486491,44.5,55.7,6.133559835467523,"Perkuat staf IT, pelatihan, atau shared-service sebelum menambah hardware."
139,Tier 3 — Monitoring,RS0143,RS Sentosa Medika 3,Kalimantan Selatan,D,Swasta,0.4750844594594595,False,Tidak ada bottleneck dominan,,Kesenjangan Infrastruktur,0.7162162162162162,0.2567567567567568,46.5,16.7,-0.5434157794819825,Lakukan asesmen operasional terarah sebelum menetapkan intervensi spesifik.
140,Tier 3 — Monitoring,RS0084,RS Harapan Bangsa 2,Jambi,B,BUMN,0.4659246575342466,False,Tidak ada bottleneck dominan,,Tidak ada bottleneck kuat,0.6095890410958904,0.05136986301369861,72.5,49.8,-0.2808524274286839,Lakukan asesmen operasional terarah sebelum menetapkan intervensi spesifik.
141,Tier 3 — Monitoring,RS0114,RSUD Citra Medika 1,Bangka Belitung,B,Pemerintah Daerah,0.45607876712328765,False,Tidak ada bottleneck dominan,,Kesenjangan Adopsi,0.6986301369863014,0.17123287671232879,68.4,63.5,5.533540388386044,Lakukan asesmen operasional terarah sebelum menetapkan intervensi spesifik.
142,Tier 3 — Monitoring,RS0088,RS Sejahtera 6,Jambi,B,TNI/POLRI,0.4547945205479452,False,Tidak ada bottleneck dominan,,Tidak ada bottleneck kuat,0.595890410958904,0.006849315068493067,69.3,54.2,12.706015771471982,Lakukan asesmen operasional terarah sebelum menetapkan intervensi spesifik.
143,Tier 3 — Monitoring,RS0093,RSUD Sentosa Medika 5,Sumatera Selatan,C,Pemerintah Daerah,0.45271017699115046,False,Tidak ada bottleneck dominan,Kesenjangan Kapabilitas IT,Kesenjangan Infrastruktur; Kesenjangan Kapabilitas IT,0.6991150442477876,0.017699115044247815,54.2,38.0,5.173756110745387,Lakukan asesmen operasional terarah sebelum menetapkan intervensi spesifik.
144,Tier 3 — Monitoring,RS0161,RSUD Permata Bunda 1,Kalimantan Utara,B,Pemerintah Daerah,0.4524828767123288,False,Kesenjangan Infrastruktur,Kesenjangan Kapabilitas IT,Kesenjangan Infrastruktur; Kesenjangan Kapabilitas IT,0.9452054794520548,0.1917808219178082,54.2,13.5,-0.1924373876252048,Lakukan pengadaan terarah berdasarkan gap terhadap peer dan target utilisasi.
145,Tier 3 — Monitoring,RS0059,RSUD Medika Utama 9,Sumatera Utara,B,Pemerintah Daerah,0.44897260273972606,False,Kesenjangan Infrastruktur,Kesenjangan Kapabilitas IT,Kesenjangan Infrastruktur; Kesenjangan Kapabilitas IT; Tekanan Kapasitas,0.904109589041096,0.13698630136986312,69.6,48.9,22.39189544552312,Lakukan pengadaan terarah berdasarkan gap terhadap peer dan target utilisasi.
146,Tier 3 — Monitoring,RS0100,RS Citra Medika 2,Bengkulu,D,Swasta,0.4462837837837838,False,Tidak ada bottleneck dominan,,Tidak ada bottleneck kuat,0.6216216216216216,0.10135135135135132,54.6,20.2,-5.611236082042282,Lakukan asesmen operasional terarah sebelum menetapkan intervensi spesifik.
147,Tier 3 — Monitoring,RS0107,RS Citra Medika 1,Lampung,C,Swasta,0.44369469026548675,False,Kesenjangan Kapabilitas IT,,Kesenjangan Kapabilitas IT,0.7876106194690266,0.24778761061946908,63.3,44.7,-2.0996095598759155,"Perkuat staf IT, pelatihan, atau shared-service sebelum menambah hardware."
148,Tier 3 — Monitoring,RS0141,RS Bhakti Husada 1,Kalimantan Selatan,C,Swasta,0.44358407079646023,False,Tidak ada bottleneck dominan,,Tidak ada bottleneck kuat,0.6371681415929203,0.0840707964601769,52.2,33.8,-4.8204719096979005,Lakukan asesmen operasional terarah sebelum menetapkan intervensi spesifik.
149,Tier 3 — Monitoring,RS0110,RSUD Citra Medika 4,Lampung,C,Pemerintah Daerah,0.4413716814159292,False,Kesenjangan Infrastruktur,Kesenjangan Kapabilitas IT,Kesenjangan Infrastruktur; Kesenjangan Kapabilitas IT; Kesenjangan Adopsi,0.9734513274336283,0.053097345132743334,52.5,68.7,7.1293100836269545,Lakukan pengadaan terarah berdasarkan gap terhadap peer dan target utilisasi.
150,Tier 3 — Monitoring,RS0101,RSUD Citra Medika 3,Bengkulu,C,Pemerintah Daerah,0.43849557522123894,False,Kesenjangan Integrasi,,Kesenjangan Integrasi,1.0,0.3584070796460177,59.9,59.7,3.599446176998377,"Prioritaskan penyelesaian RME, interoperabilitas, dan koneksi SatuSehat."
151,Tier 3 — Monitoring,RS0112,RS Permata Bunda 6,Lampung,C,Swasta,0.43523230088495574,False,Tidak ada bottleneck dominan,,Tidak ada bottleneck kuat,0.5752212389380531,0.022123893805309658,61.4,5.0,-2.4249460756549155,Lakukan asesmen operasional terarah sebelum menetapkan intervensi spesifik.
152,Tier 3 — Monitoring,RS0240,RS Sejahtera 2,Maluku,B,Swasta,0.43022260273972607,False,Kesenjangan Kapabilitas IT,Kesenjangan Adopsi,Kesenjangan Kapabilitas IT; Kesenjangan Adopsi,0.8287671232876712,0.06849315068493145,70.2,78.2,2.680422721913118,"Perkuat staf IT, pelatihan, atau shared-service sebelum menambah hardware."
153,Tier 3 — Monitoring,RS0183,RSUD Harapan Bangsa 5,Sulawesi Tengah,C,Pemerintah Daerah,0.4300884955752212,False,Kesenjangan Kapabilitas IT,,Kesenjangan Kapabilitas IT,0.7654867256637168,0.43805309734513276,57.1,76.0,3.4457341777231463,"Perkuat staf IT, pelatihan, atau shared-service sebelum menambah hardware."
154,Tier 3 — Monitoring,RS0077,RS Cahaya Medika 4,Kepulauan Riau,A,Swasta,0.42734375,False,Kesenjangan Kapabilitas IT,Tekanan Kapasitas,Kesenjangan Kapabilitas IT; Tekanan Kapasitas,0.875,0.21875,64.6,48.8,10.493557168621116,"Perkuat staf IT, pelatihan, atau shared-service sebelum menambah hardware."
155,Tier 3 — Monitoring,RS0067,RS Sejahtera 2,Riau,D,Swasta,0.42440878378378377,False,Tidak ada bottleneck dominan,Kesenjangan Kapabilitas IT,Kesenjangan Infrastruktur; Kesenjangan Kapabilitas IT,0.7364864864864865,0.060810810810810856,54.4,52.7,1.3812534275379562,Lakukan asesmen operasional terarah sebelum menetapkan intervensi spesifik.
156,Tier 3 — Monitoring,RS0275,RS Sejahtera 2,Riau,D,Swasta,0.42440878378378377,False,Tidak ada bottleneck dominan,Kesenjangan Kapabilitas IT,Kesenjangan Infrastruktur; Kesenjangan Kapabilitas IT,0.7364864864864865,0.060810810810810856,54.4,52.7,2.9032132305287632,Lakukan asesmen operasional terarah sebelum menetapkan intervensi spesifik.
157,Tier 3 — Monitoring,RS0115,RSUD Graha Sehat 2,Bangka Belitung,C,Pemerintah Daerah,0.424004424778761,False,Tidak ada bottleneck dominan,,Tidak ada bottleneck kuat,0.4336283185840708,0.04424778761061943,53.7,59.6,2.692090592414111,Lakukan asesmen operasional terarah sebelum menetapkan intervensi spesifik.
158,Tier 3 — Monitoring,RS0266,RS Bunda Kasih 7,Papua Barat,A,Swasta,0.42265625,False,Kesenjangan Kapabilitas IT,,Kesenjangan Kapabilitas IT,0.9375,0.4375,58.2,34.0,2.8080961478365296,"Perkuat staf IT, pelatihan, atau shared-service sebelum menambah hardware."
159,Tier 3 — Monitoring,RS0173,RSUD Medika Utama 3,Sulawesi Utara,D,Pemerintah Daerah,0.41756756756756763,False,Kesenjangan Adopsi,,Kesenjangan Adopsi,0.8108108108108107,0.42567567567567566,54.4,52.2,3.9766958293068058,Redesain workflow dan target pemanfaatan telemedicine; ukur utilisasi aktual.
160,Tier 3 — Monitoring,RS0209,RS Sejahtera 6,Gorontalo,A,Swasta,0.41640625,False,Kesenjangan Adopsi,Kesenjangan Infrastruktur,Kesenjangan Adopsi; Kesenjangan Infrastruktur,0.8125,0.125,52.6,56.0,1.3030877937693717,Redesain workflow dan target pemanfaatan telemedicine; ukur utilisasi aktual.
161,Tier 3 — Monitoring,RS0113,RS Husada Mulia 7,Lampung,B,Swasta,0.41404109589041094,False,Tidak ada bottleneck dominan,,Gap Konversi Investasi — indikator relatif,0.6849315068493151,0.08219178082191791,69.1,21.4,-5.024446198742453,Lakukan asesmen operasional terarah sebelum menetapkan intervensi spesifik.
162,Tier 3 — Monitoring,RS0222,RSUD Husada Mulia 1,Nusa Tenggara Barat,A,Pemerintah Daerah,0.41093749999999996,False,Tekanan Kapasitas,,Tekanan Kapasitas,0.78125,0.375,59.2,37.2,0.28301773825445764,"Optimalkan referral routing, penyeimbangan kapasitas, dan kanal virtual yang sesuai."
163,Tier 3 — Monitoring,RS0276,RSUD Husada Mulia 1,Nusa Tenggara Barat,A,Pemerintah Daerah,0.41093749999999996,False,Tekanan Kapasitas,,Tekanan Kapasitas,0.78125,0.375,59.2,37.2,2.0293671616381133,"Optimalkan referral routing, penyeimbangan kapasitas, dan kanal virtual yang sesuai."
164,Tier 3 — Monitoring,RS0081,RSUD Husada Mulia 8,Kepulauan Riau,D,Pemerintah Daerah,0.4081925675675676,False,Kesenjangan Adopsi,Kesenjangan Kapabilitas IT,Kesenjangan Adopsi; Kesenjangan Kapabilitas IT,0.8243243243243243,0.08108108108108114,50.0,17.5,1.4498533055151555,Redesain workflow dan target pemanfaatan telemedicine; ukur utilisasi aktual.
165,Tier 3 — Monitoring,RS0156,RSUD Bunda Kasih 6,Kalimantan Timur,C,Pemerintah Daerah,0.4073561946902655,False,Kesenjangan Adopsi,Kesenjangan Infrastruktur,Kesenjangan Adopsi; Kesenjangan Infrastruktur,0.8141592920353982,0.04424778761061943,59.0,34.6,13.43099378317332,Redesain workflow dan target pemanfaatan telemedicine; ukur utilisasi aktual.
166,Tier 3 — Monitoring,RS0065,RSUD Medika Utama 6,Sumatera Barat,B,Pemerintah Daerah,0.4031678082191781,False,Kesenjangan Integrasi,,Kesenjangan Integrasi,1.0,0.452054794520548,70.9,46.7,-0.6551869806434638,"Prioritaskan penyelesaian RME, interoperabilitas, dan koneksi SatuSehat."
167,Tier 3 — Monitoring,RS0261,RS Husada Mulia 2,Papua Barat,D,TNI/POLRI,0.40135135135135136,False,Tidak ada bottleneck dominan,,Kesenjangan Kapabilitas IT,0.6756756756756757,0.06756756756756754,57.9,39.7,7.673545110254686,Lakukan asesmen operasional terarah sebelum menetapkan intervensi spesifik.
168,Tier 3 — Monitoring,RS0019,RS Bunda Kasih 7,Jawa Tengah,C,BUMN,0.3996681415929204,False,Kesenjangan Kapabilitas IT,,Kesenjangan Kapabilitas IT,0.8672566371681416,0.22123893805309736,64.0,5.0,-0.850558299560177,"Perkuat staf IT, pelatihan, atau shared-service sebelum menambah hardware."
169,Tier 3 — Monitoring,RS0087,RS Karya Insani 5,Jambi,C,Pemerintah Pusat,0.396183628318584,False,Tidak ada bottleneck dominan,,Tekanan Kapasitas,0.6548672566371682,0.07964601769911506,63.9,44.5,4.05168948219535,Lakukan asesmen operasional terarah sebelum menetapkan intervensi spesifik.
170,Tier 3 — Monitoring,RS0105,RSUD Bunda Kasih 7,Bengkulu,C,Pemerintah Daerah,0.3960176991150443,False,Kesenjangan Kapabilitas IT,Kesenjangan Infrastruktur,Kesenjangan Kapabilitas IT; Kesenjangan Infrastruktur; Tekanan Kapasitas,0.7787610619469026,0.02654867256637161,65.3,52.3,10.140307059533207,"Perkuat staf IT, pelatihan, atau shared-service sebelum menambah hardware."
171,Tier 3 — Monitoring,RS0191,RS Karya Insani 3,Sulawesi Selatan,C,TNI/POLRI,0.3945796460176991,False,Tekanan Kapasitas,Kesenjangan Kapabilitas IT,Tekanan Kapasitas; Kesenjangan Kapabilitas IT; Kesenjangan Infrastruktur,0.8716814159292035,0.15486725663716805,60.4,5.0,7.052108039509534,"Optimalkan referral routing, penyeimbangan kapasitas, dan kanal virtual yang sesuai."
172,Tier 3 — Monitoring,RS0095,RS Karya Insani 7,Sumatera Selatan,C,Swasta,0.39446902654867255,False,Kesenjangan Integrasi,Kesenjangan Infrastruktur,Kesenjangan Integrasi; Kesenjangan Infrastruktur,1.0,0.21238938053097345,51.0,41.0,3.181396696001187,"Prioritaskan penyelesaian RME, interoperabilitas, dan koneksi SatuSehat."
173,Tier 3 — Monitoring,RS0181,RS Husada Mulia 3,Sulawesi Tengah,B,Swasta,0.3920376712328767,False,Tekanan Kapasitas,Kesenjangan Adopsi,Tekanan Kapasitas; Kesenjangan Adopsi,0.8698630136986301,0.19863013698630128,84.5,29.8,5.721752842099775,"Optimalkan referral routing, penyeimbangan kapasitas, dan kanal virtual yang sesuai."
174,Tier 3 — Monitoring,RS0060,RS Bhakti Husada 1,Sumatera Barat,A,Pemerintah Pusat,0.390625,False,Tidak ada bottleneck dominan,,Tidak ada bottleneck kuat,0.3125,0.03125,65.5,75.7,7.887816112877495,Lakukan asesmen operasional terarah sebelum menetapkan intervensi spesifik.
175,Tier 3 — Monitoring,RS0180,RS Harapan Bangsa 2,Sulawesi Tengah,C,Swasta,0.38998893805309737,False,Tekanan Kapasitas,,Tekanan Kapasitas,0.7964601769911503,0.4690265486725663,67.2,46.4,9.36245023352977,"Optimalkan referral routing, penyeimbangan kapasitas, dan kanal virtual yang sesuai."
176,Tier 3 — Monitoring,RS0171,RSUD Medika Utama 1,Sulawesi Utara,B,Pemerintah Daerah,0.38339041095890414,False,Tekanan Kapasitas,,Tekanan Kapasitas,0.8835616438356164,0.32191780821917804,84.7,43.4,11.969341394061175,"Optimalkan referral routing, penyeimbangan kapasitas, dan kanal virtual yang sesuai."
177,Tier 3 — Monitoring,RS0198,RS Graha Sehat 3,Sulawesi Tenggara,C,TNI/POLRI,0.3829646017699115,False,Kesenjangan Infrastruktur,Kesenjangan Adopsi,Kesenjangan Infrastruktur; Kesenjangan Adopsi,0.9380530973451328,0.1415929203539823,48.6,32.4,8.913629452487655,Lakukan pengadaan terarah berdasarkan gap terhadap peer dan target utilisasi.
178,Tier 3 — Monitoring,RS0086,RS Permata Bunda 4,Jambi,B,Pemerintah Pusat,0.3792808219178082,False,Tidak ada bottleneck dominan,,Tidak ada bottleneck kuat,0.5753424657534247,0.06849315068493156,66.6,22.0,2.3919714369479976,Lakukan asesmen operasional terarah sebelum menetapkan intervensi spesifik.
179,Tier 3 — Monitoring,RS0177,RSUD Cahaya Medika 7,Sulawesi Utara,C,Pemerintah Daerah,0.37765486725663716,False,Tidak ada bottleneck dominan,,Tidak ada bottleneck kuat,0.504424778761062,0.10619469026548678,66.6,41.9,-0.7243236991230901,Lakukan asesmen operasional terarah sebelum menetapkan intervensi spesifik.
180,Tier 3 — Monitoring,RS0205,RS Sentosa Medika 2,Gorontalo,A,Swasta,0.37578124999999996,False,Tekanan Kapasitas,Kesenjangan Adopsi,Tekanan Kapasitas; Kesenjangan Adopsi,0.8125,0.0625,72.7,43.9,9.602772213248564,"Optimalkan referral routing, penyeimbangan kapasitas, dan kanal virtual yang sesuai."
181,Tier 3 — Monitoring,RS0252,RS Husada Mulia 1,Papua,C,Swasta,0.36476769911504425,False,Kesenjangan Kapabilitas IT,,Kesenjangan Kapabilitas IT,0.7654867256637168,0.38053097345132736,57.5,47.0,1.173505771853982,"Perkuat staf IT, pelatihan, atau shared-service sebelum menambah hardware."
182,Tier 3 — Monitoring,RS0051,RS Medika Utama 1,Sumatera Utara,D,Swasta,0.3616554054054054,False,Tidak ada bottleneck dominan,,Tidak ada bottleneck kuat,0.5405405405405406,0.10810810810810811,58.4,74.0,2.0294984810783205,Lakukan asesmen operasional terarah sebelum menetapkan intervensi spesifik.
183,Tier 3 — Monitoring,RS0027,RSUD Medika Utama 5,DI Yogyakarta,A,Pemerintah Daerah,0.355859375,False,Tidak ada bottleneck dominan,,Kesenjangan Kapabilitas IT,0.6875,0.09375,76.1,79.1,17.054610256765365,Lakukan asesmen operasional terarah sebelum menetapkan intervensi spesifik.
184,Tier 3 — Monitoring,RS0133,RS Permata Bunda 1,Kalimantan Tengah,D,BUMN,0.352027027027027,False,Tidak ada bottleneck dominan,,Tidak ada bottleneck kuat,0.6081081081081081,0.3513513513513513,68.2,53.9,2.7452481267614104,Lakukan asesmen operasional terarah sebelum menetapkan intervensi spesifik.
185,Tier 3 — Monitoring,RS0068,RS Sejahtera 3,Riau,C,TNI/POLRI,0.3478982300884956,False,Kesenjangan Infrastruktur,,Kesenjangan Infrastruktur,0.8495575221238938,0.23893805309734506,65.2,52.4,13.726757921972833,Lakukan pengadaan terarah berdasarkan gap terhadap peer dan target utilisasi.
186,Tier 3 — Monitoring,RS0073,RS Sejahtera 8,Riau,B,Swasta,0.3477739726027397,False,Tidak ada bottleneck dominan,,Tidak ada bottleneck kuat,0.4931506849315068,0.1986301369863014,74.5,49.9,12.420656186713884,Lakukan asesmen operasional terarah sebelum menetapkan intervensi spesifik.
187,Tier 3 — Monitoring,RS0056,RS Citra Medika 6,Sumatera Utara,D,Pemerintah Pusat,0.34577702702702706,False,Tidak ada bottleneck dominan,,Tidak ada bottleneck kuat,0.5540540540540541,0.03378378378378377,61.7,15.1,-2.320940311577999,Lakukan asesmen operasional terarah sebelum menetapkan intervensi spesifik.
188,Tier 3 — Monitoring,RS0125,RS Husada Mulia 5,Aceh,C,TNI/POLRI,0.34513274336283184,False,Tidak ada bottleneck dominan,,Tekanan Kapasitas,0.668141592920354,0.11946902654867264,74.5,48.3,5.158075137524435,Lakukan asesmen operasional terarah sebelum menetapkan intervensi spesifik.
189,Tier 3 — Monitoring,RS0017,RS Graha Sehat 5,Jawa Tengah,D,Swasta,0.34146959459459464,False,Tidak ada bottleneck dominan,,Tidak ada bottleneck kuat,0.6418918918918919,0.15540540540540537,63.3,11.2,-1.1231552270174632,Lakukan asesmen operasional terarah sebelum menetapkan intervensi spesifik.
190,Tier 3 — Monitoring,RS0189,RS Cahaya Medika 1,Sulawesi Selatan,B,Pemerintah Pusat,0.3384417808219178,False,Kesenjangan Infrastruktur,Kesenjangan Kapabilitas IT,Kesenjangan Infrastruktur; Kesenjangan Kapabilitas IT,0.8493150684931507,0.1095890410958904,80.0,5.0,17.81628353766265,Lakukan pengadaan terarah berdasarkan gap terhadap peer dan target utilisasi.
191,Tier 3 — Monitoring,RS0135,RS Medika Utama 3,Kalimantan Tengah,C,Pemerintah Pusat,0.3366150442477876,False,Tidak ada bottleneck dominan,,Tidak ada bottleneck kuat,0.6194690265486726,0.15044247787610632,65.1,53.7,3.0789601257044765,Lakukan asesmen operasional terarah sebelum menetapkan intervensi spesifik.
192,Tier 3 — Monitoring,RS0099,RS Karya Insani 1,Bengkulu,B,Swasta,0.33578767123287667,False,Tidak ada bottleneck dominan,Kesenjangan Kapabilitas IT,Tekanan Kapasitas; Kesenjangan Kapabilitas IT,0.6986301369863013,0.047945205479452024,89.0,45.5,15.569808233845606,Lakukan asesmen operasional terarah sebelum menetapkan intervensi spesifik.
193,Tier 3 — Monitoring,RS0131,RS Permata Bunda 5,Kalimantan Barat,C,Swasta,0.3305309734513274,False,Kesenjangan Integrasi,,Kesenjangan Integrasi,1.0,0.4601769911504424,68.0,38.4,9.676378496603746,"Prioritaskan penyelesaian RME, interoperabilitas, dan koneksi SatuSehat."
194,Tier 3 — Monitoring,RS0139,RS Citra Medika 7,Kalimantan Tengah,C,Swasta,0.328816371681416,False,Kesenjangan Kapabilitas IT,,Kesenjangan Kapabilitas IT,0.9734513274336283,0.4601769911504424,58.8,62.3,7.879905494986609,"Perkuat staf IT, pelatihan, atau shared-service sebelum menambah hardware."
195,Tier 3 — Monitoring,RS0058,RS Citra Medika 8,Sumatera Utara,C,Swasta,0.32771017699115046,False,Tidak ada bottleneck dominan,,Tidak ada bottleneck kuat,0.41592920353982304,0.2035398230088496,65.4,32.4,5.755102373522298,Lakukan asesmen operasional terarah sebelum menetapkan intervensi spesifik.
196,Tier 3 — Monitoring,RS0089,RS Sentosa Medika 1,Sumatera Selatan,D,BUMN,0.3271959459459459,False,Tekanan Kapasitas,,Tekanan Kapasitas,0.8648648648648649,0.28378378378378377,62.9,20.6,8.419985900779338,"Optimalkan referral routing, penyeimbangan kapasitas, dan kanal virtual yang sesuai."
197,Tier 3 — Monitoring,RS0102,RS Cahaya Medika 4,Bengkulu,C,TNI/POLRI,0.32665929203539823,False,Tidak ada bottleneck dominan,,Kesenjangan Infrastruktur,0.7168141592920354,0.1415929203539823,67.3,42.7,11.045941170726095,Lakukan asesmen operasional terarah sebelum menetapkan intervensi spesifik.
198,Tier 3 — Monitoring,RS0186,RSUD Medika Utama 8,Sulawesi Tengah,D,Pemerintah Daerah,0.32643581081081074,False,Kesenjangan Infrastruktur,,Kesenjangan Infrastruktur,0.9594594594594594,0.43918918918918914,48.0,21.1,1.9465130631236676,Lakukan pengadaan terarah berdasarkan gap terhadap peer dan target utilisasi.
199,Tier 3 — Monitoring,RS0037,RS Bunda Kasih 3,Banten,B,Swasta,0.3252568493150686,False,Tidak ada bottleneck dominan,,Kesenjangan Adopsi,0.6575342465753424,0.047945205479452024,91.2,58.1,6.61047576217787,Lakukan asesmen operasional terarah sebelum menetapkan intervensi spesifik.
200,Tier 3 — Monitoring,RS0244,RS Cahaya Medika 6,Maluku,B,TNI/POLRI,0.3243150684931507,False,Tidak ada bottleneck dominan,,Kesenjangan Kapabilitas IT,0.6506849315068493,0.006849315068493067,69.4,38.3,3.325417069504539,Lakukan asesmen operasional terarah sebelum menetapkan intervensi spesifik.
201,Tier 3 — Monitoring,RS0207,RSUD Sejahtera 4,Gorontalo,C,Pemerintah Daerah,0.32311946902654864,False,Kesenjangan Adopsi,Kesenjangan Infrastruktur,Kesenjangan Adopsi; Kesenjangan Infrastruktur,0.7610619469026548,0.08849557522123896,63.8,28.4,22.147727269299317,Redesain workflow dan target pemanfaatan telemedicine; ukur utilisasi aktual.
202,Tier 3 — Monitoring,RS0014,RSUD Medika Utama 2,Jawa Tengah,D,Pemerintah Daerah,0.32128378378378375,False,Kesenjangan Kapabilitas IT,Kesenjangan Infrastruktur,Kesenjangan Kapabilitas IT; Kesenjangan Infrastruktur; Kesenjangan Adopsi,0.9054054054054054,0.10810810810810811,62.4,44.2,13.865968034675682,"Perkuat staf IT, pelatihan, atau shared-service sebelum menambah hardware."
203,Tier 3 — Monitoring,RS0016,RSUD Karya Insani 4,Jawa Tengah,C,Pemerintah Daerah,0.31847345132743365,False,Tekanan Kapasitas,Kesenjangan Adopsi,Tekanan Kapasitas; Kesenjangan Adopsi,0.8672566371681416,0.12389380530973448,78.7,14.0,3.4327645689593282,"Optimalkan referral routing, penyeimbangan kapasitas, dan kanal virtual yang sesuai."
204,Tier 3 — Monitoring,RS0218,RS Sentosa Medika 6,Sulawesi Barat,C,TNI/POLRI,0.31847345132743365,False,Kesenjangan Kapabilitas IT,,Kesenjangan Kapabilitas IT,0.9734513274336283,0.5619469026548672,62.6,59.0,8.181316641426726,"Perkuat staf IT, pelatihan, atau shared-service sebelum menambah hardware."
205,Tier 3 — Monitoring,RS0184,RS Bhakti Husada 6,Sulawesi Tengah,D,Swasta,0.31815878378378376,False,Kesenjangan Kapabilitas IT,,Kesenjangan Kapabilitas IT,0.9527027027027027,0.4864864864864865,60.1,37.9,7.692493848841224,"Perkuat staf IT, pelatihan, atau shared-service sebelum menambah hardware."
206,Tier 3 — Monitoring,RS0042,RS Citra Medika 8,Banten,C,Swasta,0.31570796460176986,False,Tekanan Kapasitas,,Tekanan Kapasitas,0.8716814159292036,0.23451327433628322,87.1,51.1,24.583222001963208,"Optimalkan referral routing, penyeimbangan kapasitas, dan kanal virtual yang sesuai."
207,Tier 3 — Monitoring,RS0124,RS Permata Bunda 4,Aceh,D,Swasta,0.3143581081081081,False,Tidak ada bottleneck dominan,,Tekanan Kapasitas,0.6621621621621622,0.013513513513513487,67.2,54.3,9.03699837982792,Lakukan asesmen operasional terarah sebelum menetapkan intervensi spesifik.
208,Tier 3 — Monitoring,RS0079,RSUD Sejahtera 6,Kepulauan Riau,C,Pemerintah Daerah,0.31299778761061947,False,Tidak ada bottleneck dominan,,Kesenjangan Adopsi,0.6902654867256637,0.07079646017699104,71.6,40.1,8.044810614142229,Lakukan asesmen operasional terarah sebelum menetapkan intervensi spesifik.
209,Tier 3 — Monitoring,RS0038,RSUD Sentosa Medika 4,Banten,C,Pemerintah Daerah,0.3120575221238938,False,Tidak ada bottleneck dominan,,Tidak ada bottleneck kuat,0.46902654867256643,0.23893805309734517,65.2,40.6,2.685027477068033,Lakukan asesmen operasional terarah sebelum menetapkan intervensi spesifik.
210,Tier 3 — Monitoring,RS0090,RSUD Medika Utama 2,Sumatera Selatan,A,Pemerintah Daerah,0.30703125,False,Tidak ada bottleneck dominan,,Kesenjangan Adopsi,0.6875,0.1875,64.7,34.9,6.934053418096084,Lakukan asesmen operasional terarah sebelum menetapkan intervensi spesifik.
211,Tier 3 — Monitoring,RS0022,RSUD Husada Mulia 10,Jawa Tengah,C,Pemerintah Daerah,0.29839601769911506,False,Tidak ada bottleneck dominan,,Tidak ada bottleneck kuat,0.6283185840707964,0.12831858407079644,71.9,62.1,2.132370173306498,Lakukan asesmen operasional terarah sebelum menetapkan intervensi spesifik.
212,Tier 3 — Monitoring,RS0039,RS Karya Insani 5,Banten,D,Swasta,0.29695945945945945,False,Tidak ada bottleneck dominan,,Tidak ada bottleneck kuat,0.49324324324324326,0.20945945945945948,68.5,47.9,2.368776604174542,Lakukan asesmen operasional terarah sebelum menetapkan intervensi spesifik.
213,Tier 3 — Monitoring,RS0029,RS Husada Mulia 1,Jawa Timur,C,BUMN,0.2961836283185841,False,Tekanan Kapasitas,Kesenjangan Kapabilitas IT,Tekanan Kapasitas; Kesenjangan Kapabilitas IT; Kesenjangan Infrastruktur,0.7566371681415929,0.05752212389380529,72.4,14.0,7.928781120868564,"Optimalkan referral routing, penyeimbangan kapasitas, dan kanal virtual yang sesuai."
214,Tier 3 — Monitoring,RS0083,RS Cahaya Medika 1,Jambi,C,Swasta,0.29524336283185837,False,Kesenjangan Infrastruktur,Kesenjangan Adopsi,Kesenjangan Infrastruktur; Kesenjangan Adopsi; Kesenjangan Kapabilitas IT,0.8761061946902655,0.20353982300884965,70.3,12.4,19.1515679835765,Lakukan pengadaan terarah berdasarkan gap terhadap peer dan target utilisasi.
215,Tier 3 — Monitoring,RS0152,RS Harapan Bangsa 2,Kalimantan Timur,D,Pemerintah Pusat,0.29451013513513513,False,Tidak ada bottleneck dominan,,Tidak ada bottleneck kuat,0.5743243243243243,0.08783783783783783,68.8,46.3,18.343709865676118,Lakukan asesmen operasional terarah sebelum menetapkan intervensi spesifik.
216,Tier 3 — Monitoring,RS0047,RS Citra Medika 4,Bali,B,TNI/POLRI,0.29272260273972606,False,Tidak ada bottleneck dominan,,Tidak ada bottleneck kuat,0.4863013698630137,0.0068493150684931225,86.0,32.8,6.403219676168618,Lakukan asesmen operasional terarah sebelum menetapkan intervensi spesifik.
217,Tier 3 — Monitoring,RS0015,RSUD Karya Insani 3,Jawa Tengah,D,Pemerintah Daerah,0.2875,False,Tidak ada bottleneck dominan,,Tidak ada bottleneck kuat,0.6486486486486487,0.0,71.8,51.5,16.06173945520422,Lakukan asesmen operasional terarah sebelum menetapkan intervensi spesifik.
218,Tier 3 — Monitoring,RS0033,RS Citra Medika 5,Jawa Timur,C,Swasta,0.2867809734513274,False,Tidak ada bottleneck dominan,,Tidak ada bottleneck kuat,0.6017699115044248,0.06194690265486735,74.6,86.6,10.371223387774975,Lakukan asesmen operasional terarah sebelum menetapkan intervensi spesifik.
219,Tier 3 — Monitoring,RS0041,RS Citra Medika 7,Banten,D,Swasta,0.28614864864864864,False,Tekanan Kapasitas,,Tekanan Kapasitas,0.7905405405405406,0.43918918918918926,85.6,37.7,21.772166455243756,"Optimalkan referral routing, penyeimbangan kapasitas, dan kanal virtual yang sesuai."
220,Tier 3 — Monitoring,RS0010,RSUD Citra Medika 4,Jawa Barat,D,Pemerintah Daerah,0.28488175675675675,False,Kesenjangan Kapabilitas IT,,Kesenjangan Kapabilitas IT,0.8108108108108107,0.4020270270270269,66.1,60.2,8.819537717290764,"Perkuat staf IT, pelatihan, atau shared-service sebelum menambah hardware."
221,Tier 3 — Monitoring,RS0044,RS Husada Mulia 1,Bali,B,Swasta,0.28407534246575344,False,Tidak ada bottleneck dominan,,Tidak ada bottleneck kuat,0.5890410958904109,0.20547945205479445,96.5,32.6,16.46360569550417,Lakukan asesmen operasional terarah sebelum menetapkan intervensi spesifik.
222,Tier 3 — Monitoring,RS0021,RS Harapan Bangsa 9,Jawa Tengah,B,Swasta,0.28287671232876715,False,Tidak ada bottleneck dominan,,Tekanan Kapasitas,0.7397260273972603,0.12328767123287676,99.0,64.8,24.04517088151789,Lakukan asesmen operasional terarah sebelum menetapkan intervensi spesifik.
223,Tier 3 — Monitoring,RS0043,RS Permata Bunda 9,Banten,B,Swasta,0.2825342465753425,False,Tidak ada bottleneck dominan,,Tidak ada bottleneck kuat,0.5890410958904109,0.2739726027397259,86.6,59.6,2.9659707044246204,Lakukan asesmen operasional terarah sebelum menetapkan intervensi spesifik.
224,Tier 3 — Monitoring,RS0052,RSUD Permata Bunda 2,Sumatera Utara,C,Pemerintah Daerah,0.28064159292035395,False,Tidak ada bottleneck dominan,,Tidak ada bottleneck kuat,0.5088495575221239,0.12831858407079644,71.6,66.3,12.1351252707532,Lakukan asesmen operasional terarah sebelum menetapkan intervensi spesifik.
225,Tier 3 — Monitoring,RS0028,RS Sejahtera 6,DI Yogyakarta,C,TNI/POLRI,0.27643805309734515,False,Tidak ada bottleneck dominan,,Tidak ada bottleneck kuat,0.3893805309734514,0.20353982300884965,69.1,46.1,1.0294868806030593,Lakukan asesmen operasional terarah sebelum menetapkan intervensi spesifik.
226,Tier 3 — Monitoring,RS0002,RS Graha Sehat 2,DKI Jakarta,D,TNI/POLRI,0.27635135135135136,False,Tidak ada bottleneck dominan,,Tidak ada bottleneck kuat,0.5608108108108107,0.060810810810810745,74.3,25.7,14.415431474380732,Lakukan asesmen operasional terarah sebelum menetapkan intervensi spesifik.
227,Tier 3 — Monitoring,RS0091,RSUD Husada Mulia 3,Sumatera Selatan,B,Pemerintah Daerah,0.27208904109589044,False,Tidak ada bottleneck dominan,,Tidak ada bottleneck kuat,0.4383561643835616,0.0273972602739726,74.8,49.7,24.09711222967774,Lakukan asesmen operasional terarah sebelum menetapkan intervensi spesifik.
228,Tier 3 — Monitoring,RS0188,RSUD Husada Mulia 10,Sulawesi Tengah,C,Pemerintah Daerah,0.26980088495575216,False,Kesenjangan Kapabilitas IT,Kesenjangan Infrastruktur,Kesenjangan Kapabilitas IT; Kesenjangan Infrastruktur,0.9469026548672567,0.0,61.6,5.0,31.904781263911495,"Perkuat staf IT, pelatihan, atau shared-service sebelum menambah hardware."
229,Tier 3 — Monitoring,RS0018,RS Permata Bunda 6,Jawa Tengah,B,Swasta,0.2689212328767123,False,Tidak ada bottleneck dominan,,Tidak ada bottleneck kuat,0.6164383561643836,0.1095890410958904,88.3,51.0,12.536826145927208,Lakukan asesmen operasional terarah sebelum menetapkan intervensi spesifik.
230,Tier 3 — Monitoring,RS0145,RS Sentosa Medika 5,Kalimantan Selatan,C,Swasta,0.2679203539823009,False,Tidak ada bottleneck dominan,,Tidak ada bottleneck kuat,0.5442477876106194,0.17256637168141586,77.5,32.6,7.905804527475752,Lakukan asesmen operasional terarah sebelum menetapkan intervensi spesifik.
231,Tier 3 — Monitoring,RS0009,RS Karya Insani 3,Jawa Barat,B,TNI/POLRI,0.26746575342465756,False,Tidak ada bottleneck dominan,,Tidak ada bottleneck kuat,0.4931506849315068,0.45205479452054786,99.0,63.4,20.695853685448498,Lakukan asesmen operasional terarah sebelum menetapkan intervensi spesifik.
232,Tier 3 — Monitoring,RS0096,RS Citra Medika 8,Sumatera Selatan,A,Swasta,0.2671875,False,Tekanan Kapasitas,,Tekanan Kapasitas,0.8125,0.3125,78.9,42.0,17.172036027434338,"Optimalkan referral routing, penyeimbangan kapasitas, dan kanal virtual yang sesuai."
233,Tier 3 — Monitoring,RS0137,RSUD Harapan Bangsa 5,Kalimantan Tengah,C,Pemerintah Daerah,0.2664823008849558,False,Tidak ada bottleneck dominan,,Kesenjangan Kapabilitas IT,0.6548672566371682,0.07079646017699115,80.1,38.5,19.5717365931483,Lakukan asesmen operasional terarah sebelum menetapkan intervensi spesifik.
234,Tier 3 — Monitoring,RS0032,RSUD Citra Medika 4,Jawa Timur,B,Pemerintah Daerah,0.2658390410958904,False,Tidak ada bottleneck dominan,,Tidak ada bottleneck kuat,0.15753424657534246,0.006849315068493095,82.6,42.5,4.503533685480946,Lakukan asesmen operasional terarah sebelum menetapkan intervensi spesifik.
235,Tier 3 — Monitoring,RS0248,RS Medika Utama 3,Maluku Utara,D,Pemerintah Pusat,0.2652027027027027,False,Tidak ada bottleneck dominan,,Tidak ada bottleneck kuat,0.5810810810810811,0.04054054054054057,68.4,37.3,7.879703668357429,Lakukan asesmen operasional terarah sebelum menetapkan intervensi spesifik.
236,Tier 3 — Monitoring,RS0174,RS Bhakti Husada 4,Sulawesi Utara,C,Swasta,0.25912610619469023,False,Tidak ada bottleneck dominan,,Tekanan Kapasitas,0.6769911504424778,0.2256637168141592,79.6,53.3,13.57397107699947,Lakukan asesmen operasional terarah sebelum menetapkan intervensi spesifik.
237,Tier 3 — Monitoring,RS0109,RSUD Bhakti Husada 3,Lampung,C,Pemerintah Daerah,0.25796460176991154,False,Kesenjangan Integrasi,,Kesenjangan Integrasi,1.0,0.35398230088495575,72.0,24.1,6.789434167929002,"Prioritaskan penyelesaian RME, interoperabilitas, dan koneksi SatuSehat."
238,Tier 3 — Monitoring,RS0045,RSUD Citra Medika 2,Bali,D,Pemerintah Daerah,0.25743243243243247,False,Tidak ada bottleneck dominan,,Tekanan Kapasitas,0.7027027027027027,0.29729729729729737,84.4,37.0,19.332986895397298,Lakukan asesmen operasional terarah sebelum menetapkan intervensi spesifik.
239,Tier 3 — Monitoring,RS0092,RS Husada Mulia 4,Sumatera Selatan,B,Pemerintah Pusat,0.25702054794520546,False,Tidak ada bottleneck dominan,,Tidak ada bottleneck kuat,0.3356164383561644,0.32191780821917804,77.4,22.3,6.373320770386016,Lakukan asesmen operasional terarah sebelum menetapkan intervensi spesifik.
240,Tier 3 — Monitoring,RS0005,RSUD Karya Insani 5,DKI Jakarta,C,Pemerintah Daerah,0.256637168141593,False,Kesenjangan Adopsi,,Kesenjangan Adopsi,0.7699115044247787,0.13716814159292035,73.8,35.1,10.996336766438432,Redesain workflow dan target pemanfaatan telemedicine; ukur utilisasi aktual.
241,Tier 3 — Monitoring,RS0154,RS Permata Bunda 4,Kalimantan Timur,D,Swasta,0.2558277027027027,False,Kesenjangan Infrastruktur,,Kesenjangan Infrastruktur,0.8648648648648649,0.3648648648648649,54.6,47.6,1.6488541153333927,Lakukan pengadaan terarah berdasarkan gap terhadap peer dan target utilisasi.
242,Tier 3 — Monitoring,RS0013,RS Sejahtera 1,Jawa Tengah,B,Swasta,0.25530821917808216,False,Kesenjangan Infrastruktur,Kesenjangan Adopsi,Kesenjangan Infrastruktur; Kesenjangan Adopsi; Kesenjangan Kapabilitas IT,0.8356164383561644,0.09589041095890405,90.3,33.4,22.417956118878195,Lakukan pengadaan terarah berdasarkan gap terhadap peer dan target utilisasi.
243,Tier 3 — Monitoring,RS0007,RSUD Cahaya Medika 1,Jawa Barat,C,Pemerintah Daerah,0.25359513274336287,False,Tidak ada bottleneck dominan,,Tidak ada bottleneck kuat,0.44690265486725667,0.19026548672566373,63.3,40.0,14.425851741178207,Lakukan asesmen operasional terarah sebelum menetapkan intervensi spesifik.
244,Tier 3 — Monitoring,RS0061,RS Husada Mulia 2,Sumatera Barat,C,Pemerintah Pusat,0.25331858407079644,False,Tidak ada bottleneck dominan,,Tidak ada bottleneck kuat,0.40707964601769914,0.09734513274336282,75.6,29.6,1.5029521830880839,Lakukan asesmen operasional terarah sebelum menetapkan intervensi spesifik.
245,Tier 3 — Monitoring,RS0075,RSUD Graha Sehat 2,Kepulauan Riau,B,Pemerintah Daerah,0.2526541095890411,False,Tidak ada bottleneck dominan,,Tidak ada bottleneck kuat,0.5068493150684932,0.273972602739726,76.1,10.9,7.97732389087659,Lakukan asesmen operasional terarah sebelum menetapkan intervensi spesifik.
246,Tier 3 — Monitoring,RS0185,RS Karya Insani 7,Sulawesi Tengah,C,Swasta,0.2501106194690266,False,Tidak ada bottleneck dominan,,Tidak ada bottleneck kuat,0.31858407079646023,0.053097345132743445,76.7,81.0,5.054557516269725,Lakukan asesmen operasional terarah sebelum menetapkan intervensi spesifik.
247,Tier 3 — Monitoring,RS0003,RSUD Bhakti Husada 3,DKI Jakarta,D,Pemerintah Daerah,0.24687500000000004,False,Tidak ada bottleneck dominan,,Tidak ada bottleneck kuat,0.5810810810810811,0.22972972972972983,72.9,51.2,11.933253965642223,Lakukan asesmen operasional terarah sebelum menetapkan intervensi spesifik.
248,Tier 3 — Monitoring,RS0048,RS Bhakti Husada 5,Bali,C,TNI/POLRI,0.2463495575221239,False,Tidak ada bottleneck dominan,,Tidak ada bottleneck kuat,0.5309734513274336,0.08849557522123885,82.4,72.0,16.153875901053937,Lakukan asesmen operasional terarah sebelum menetapkan intervensi spesifik.
249,Tier 3 — Monitoring,RS0001,RS Bunda Kasih 1,DKI Jakarta,C,Swasta,0.24192477876106194,False,Tidak ada bottleneck dominan,,Tidak ada bottleneck kuat,0.44247787610619466,0.3451327433628318,77.8,24.1,9.31223176813296,Lakukan asesmen operasional terarah sebelum menetapkan intervensi spesifik.
250,Tier 3 — Monitoring,RS0011,RSUD Karya Insani 5,Jawa Barat,D,Pemerintah Daerah,0.23809121621621623,False,Kesenjangan Integrasi,,Kesenjangan Integrasi,1.0,0.3783783783783784,75.4,21.6,16.583083034573797,"Prioritaskan penyelesaian RME, interoperabilitas, dan koneksi SatuSehat."
251,Tier 3 — Monitoring,RS0158,RSUD Citra Medika 8,Kalimantan Timur,B,Pemerintah Daerah,0.23741438356164385,False,Tidak ada bottleneck dominan,,Tidak ada bottleneck kuat,0.2465753424657534,0.0273972602739726,85.3,54.4,5.676002786904618,Lakukan asesmen operasional terarah sebelum menetapkan intervensi spesifik.
252,Tier 3 — Monitoring,RS0064,RS Citra Medika 5,Sumatera Barat,C,Pemerintah Pusat,0.2357300884955752,False,Tidak ada bottleneck dominan,,Tidak ada bottleneck kuat,0.5309734513274336,0.03539823008849552,68.8,46.8,5.248468006775312,Lakukan asesmen operasional terarah sebelum menetapkan intervensi spesifik.
253,Tier 3 — Monitoring,RS0062,RSUD Graha Sehat 3,Sumatera Barat,D,Pemerintah Daerah,0.234375,False,Tidak ada bottleneck dominan,,Tidak ada bottleneck kuat,0.5,0.013513513513513487,67.4,42.6,2.812884199460683,Lakukan asesmen operasional terarah sebelum menetapkan intervensi spesifik.
254,Tier 3 — Monitoring,RS0031,RSUD Medika Utama 3,Jawa Timur,D,Pemerintah Daerah,0.2341216216216216,False,Kesenjangan Infrastruktur,,Kesenjangan Infrastruktur,0.9324324324324325,0.47972972972972977,63.8,38.9,6.475988950291182,Lakukan pengadaan terarah berdasarkan gap terhadap peer dan target utilisasi.
255,Tier 3 — Monitoring,RS0050,RS Sejahtera 7,Bali,B,Swasta,0.23236301369863016,False,Tidak ada bottleneck dominan,,Tidak ada bottleneck kuat,0.4726027397260274,0.14383561643835618,89.2,23.2,9.973044327483336,Lakukan asesmen operasional terarah sebelum menetapkan intervensi spesifik.
256,Tier 3 — Monitoring,RS0111,RS Bunda Kasih 5,Lampung,B,Pemerintah Pusat,0.23159246575342468,False,Tidak ada bottleneck dominan,,Kesenjangan Kapabilitas IT,0.6986301369863014,0.2191780821917808,77.4,29.2,9.43742922221253,Lakukan asesmen operasional terarah sebelum menetapkan intervensi spesifik.
257,Tier 3 — Monitoring,RS0025,RSUD Permata Bunda 3,DI Yogyakarta,A,Pemerintah Daerah,0.2203125,False,Kesenjangan Infrastruktur,,Kesenjangan Infrastruktur,0.9375,0.3125,73.1,33.5,19.170437291983617,Lakukan pengadaan terarah berdasarkan gap terhadap peer dan target utilisasi.
258,Tier 3 — Monitoring,RS0136,RS Sejahtera 4,Kalimantan Tengah,B,Pemerintah Pusat,0.21874999999999997,False,Tidak ada bottleneck dominan,,Tidak ada bottleneck kuat,0.589041095890411,0.06849315068493145,92.7,47.6,30.593767664323146,Lakukan asesmen operasional terarah sebelum menetapkan intervensi spesifik.
259,Tier 3 — Monitoring,RS0023,RS Sentosa Medika 1,DI Yogyakarta,B,Swasta,0.21147260273972604,False,Kesenjangan Kapabilitas IT,Kesenjangan Infrastruktur,Kesenjangan Kapabilitas IT; Kesenjangan Infrastruktur; Tekanan Kapasitas,0.863013698630137,0.1643835616438356,96.8,11.9,38.267749857304985,"Perkuat staf IT, pelatihan, atau shared-service sebelum menambah hardware."
260,Tier 3 — Monitoring,RS0057,RS Bhakti Husada 7,Sumatera Utara,B,Swasta,0.2113013698630137,False,Tidak ada bottleneck dominan,,Tidak ada bottleneck kuat,0.410958904109589,0.0,87.6,7.9,16.514630852586805,Lakukan asesmen operasional terarah sebelum menetapkan intervensi spesifik.
261,Tier 3 — Monitoring,RS0066,RSUD Citra Medika 1,Riau,C,Pemerintah Daerah,0.20962389380530974,False,Tidak ada bottleneck dominan,,Tidak ada bottleneck kuat,0.504424778761062,0.22123893805309736,81.0,63.2,19.64614547450457,Lakukan asesmen operasional terarah sebelum menetapkan intervensi spesifik.
262,Tier 3 — Monitoring,RS0034,RS Graha Sehat 6,Jawa Timur,C,Swasta,0.2064712389380531,False,Tidak ada bottleneck dominan,,Tidak ada bottleneck kuat,0.5221238938053097,0.004424778761061843,73.6,20.0,0.25130261226338746,Lakukan asesmen operasional terarah sebelum menetapkan intervensi spesifik.
263,Tier 3 — Monitoring,RS0026,RSUD Graha Sehat 4,DI Yogyakarta,C,Pemerintah Daerah,0.20060840707964603,False,Tidak ada bottleneck dominan,,Tidak ada bottleneck kuat,0.36283185840707965,0.026548672566371667,94.3,23.0,22.248891509174456,Lakukan asesmen operasional terarah sebelum menetapkan intervensi spesifik.
264,Tier 3 — Monitoring,RS0004,RSUD Harapan Bangsa 4,DKI Jakarta,C,Pemerintah Daerah,0.2004424778761062,False,Tidak ada bottleneck dominan,,Tidak ada bottleneck kuat,0.3097345132743363,0.03539823008849563,66.7,17.7,0.39776595415389693,Lakukan asesmen operasional terarah sebelum menetapkan intervensi spesifik.
265,Tier 3 — Monitoring,RS0035,RS Harapan Bangsa 1,Banten,C,Swasta,0.1855641592920354,False,Tidak ada bottleneck dominan,,Tidak ada bottleneck kuat,0.5486725663716814,0.03539823008849552,68.2,34.1,10.752920334230858,Lakukan asesmen operasional terarah sebelum menetapkan intervensi spesifik.
266,Tier 3 — Monitoring,RS0040,RS Bhakti Husada 6,Banten,C,Swasta,0.1785398230088496,False,Tidak ada bottleneck dominan,,Tidak ada bottleneck kuat,0.46017699115044247,0.40707964601769914,76.0,5.0,6.4931678473157035,Lakukan asesmen operasional terarah sebelum menetapkan intervensi spesifik.
267,Tier 3 — Monitoring,RS0036,RSUD Husada Mulia 2,Banten,D,Pemerintah Daerah,0.17407094594594594,False,Tidak ada bottleneck dominan,,Tidak ada bottleneck kuat,0.16891891891891891,0.047297297297297314,72.8,5.0,14.724538528601002,Lakukan asesmen operasional terarah sebelum menetapkan intervensi spesifik.
268,Tier 3 — Monitoring,RS0046,RS Permata Bunda 3,Bali,B,TNI/POLRI,0.15898972602739728,False,Tidak ada bottleneck dominan,,Tidak ada bottleneck kuat,0.452054794520548,0.06849315068493156,85.1,5.0,13.625233428552576,Lakukan asesmen operasional terarah sebelum menetapkan intervensi spesifik.
269,Tier 3 — Monitoring,RS0149,RS Bhakti Husada 9,Kalimantan Selatan,B,BUMN,0.15522260273972605,False,Tidak ada bottleneck dominan,,Kesenjangan Infrastruktur,0.6575342465753424,0.02739726027397249,87.2,16.4,12.879441524321692,Lakukan asesmen operasional terarah sebelum menetapkan intervensi spesifik.
270,Tier 3 — Monitoring,RS0108,RS Sentosa Medika 2,Lampung,C,Swasta,0.1441924778761062,False,Tidak ada bottleneck dominan,,Tidak ada bottleneck kuat,0.47787610619469023,0.02654867256637161,84.2,19.4,16.028870042756765,Lakukan asesmen operasional terarah sebelum menetapkan intervensi spesifik.
271,Tier 3 — Monitoring,RS0106,RS Husada Mulia 8,Bengkulu,A,Swasta,0.13515625,False,Tidak ada bottleneck dominan,,Tidak ada bottleneck kuat,0.25,0.0625,73.2,35.1,12.90866603720356,Lakukan asesmen operasional terarah sebelum menetapkan intervensi spesifik.
272,Tier 3 — Monitoring,RS0049,RS Karya Insani 6,Bali,D,Pemerintah Pusat,0.13243243243243244,False,Tidak ada bottleneck dominan,,Tidak ada bottleneck kuat,0.5,0.03378378378378377,75.4,5.5,24.475328862295576,Lakukan asesmen operasional terarah sebelum menetapkan intervensi spesifik.
273,Tier 3 — Monitoring,RS0008,RS Bhakti Husada 2,Jawa Barat,D,TNI/POLRI,0.12939189189189187,False,Tidak ada bottleneck dominan,,Tidak ada bottleneck kuat,0.28378378378378377,0.05405405405405406,87.7,31.2,25.417411008816856,Lakukan asesmen operasional terarah sebelum menetapkan intervensi spesifik.
274,Tier 3 — Monitoring,RS0020,RSUD Sentosa Medika 8,Jawa Tengah,D,Pemerintah Daerah,0.12077702702702704,False,Tidak ada bottleneck dominan,,Tidak ada bottleneck kuat,0.43243243243243246,0.2364864864864865,77.6,11.9,7.682489023675529,Lakukan asesmen operasional terarah sebelum menetapkan intervensi spesifik.
275,Tier 3 — Monitoring,RS0030,RS Cahaya Medika 2,Jawa Timur,D,Pemerintah Pusat,0.09425675675675677,False,Kesenjangan Infrastruktur,,Kesenjangan Infrastruktur,0.7702702702702703,0.43243243243243246,88.7,8.3,30.39080454718424,Lakukan pengadaan terarah berdasarkan gap terhadap peer dan target utilisasi.
276,Tier 3 — Monitoring,RS0071,RSUD Bunda Kasih 6,Riau,C,Pemerintah Daerah,0.09131637168141594,False,Tidak ada bottleneck dominan,,Tidak ada bottleneck kuat,0.3141592920353983,0.2079646017699115,85.6,5.0,12.378146051464554,Lakukan asesmen operasional terarah sebelum menetapkan intervensi spesifik.
